Source,Target,FoodCate,TransMode,ShipValue,ShipWeight,ShipTonMile
CA,AL,F03,T00,108.00,176.00,234.00
WV,NJ,F05,T03,21.00,32.00,5.00
TX,OH,F05,T00,423.00,278.00,163.00
AK,AK,F07,T03,153.00,386.00,7.00
NE,IA,F07,T03,110.00,600.00,38.00
UT,UT,F07,T00,2189.00,3484.00,123.00
KS,CA,F05,T03,1351.00,1004.00,764.00
IA,OK,F04,T03,242.00,1016.00,363.00
VT,IL,F07,T00,39.00,40.00,19.00
KS,MO,F05,T03,1036.00,612.00,95.00
VA,NC,F03,T03,342.00,218.00,15.00
NC,IL,F09,T00,57.00,4.00,2.00
CA,MA,F08,T03,88.00,110.00,170.00
MN,TX,F05,T03,720.00,878.00,523.00
WA,CO,F07,T00,18.00,28.00,17.00
OH,TN,F06,T00,282.00,494.00,110.00
IL,TX,F08,T06,53.00,284.00,192.00
AR,CA,F05,T03,760.00,1212.00,1007.00
OK,WI,F06,T00,4.00,22.00,9.00
IA,PA,F04,T00,68.00,446.00,230.00
ND,WA,F04,T00,14.00,310.00,244.00
IL,IN,F08,T03,340.00,1718.00,146.00
TX,SC,F06,T00,9.00,36.00,20.00
WA,CA,F08,T00,77.00,110.00,51.00
NJ,FL,F06,T00,70.00,72.00,42.00
MA,VA,F07,T03,114.00,220.00,62.00
ID,WA,F06,T03,70.00,132.00,26.00
KY,FL,F08,T03,144.00,80.00,34.00
WV,TX,F05,T03,42.00,48.00,31.00
PA,GA,F07,T03,555.00,672.00,246.00
KY,AL,F08,T03,46.00,36.00,8.00
MD,MI,F07,T03,76.00,128.00,36.00
TX,CA,F05,T00,1163.00,930.00,613.00
TN,CA,F07,T06,48.00,142.00,149.00
MN,GA,F05,T00,81.00,72.00,43.00
NE,IL,F05,T00,1416.00,862.00,234.00
KS,AL,F06,T00,29.00,50.00,19.00
CA,TX,F06,T00,627.00,680.00,525.00
VT,CT,F07,T00,54.00,124.00,16.00
OK,OK,F04,T03,31.00,358.00,20.00
SD,SD,F08,T00,161.00,272.00,6.00
KS,MA,F06,T00,14.00,18.00,13.00
CT,MA,F07,T03,700.00,1244.00,35.00
NC,AL,F07,T03,141.00,268.00,68.00
IL,MI,F07,T03,713.00,1618.00,253.00
MS,GA,F06,T00,75.00,286.00,61.00
CT,CA,F07,T03,150.00,84.00,118.00
HI,HI,F05,T00,128.00,64.00,1.00
NJ,ME,F07,T03,96.00,224.00,45.00
ID,FL,F03,T00,136.00,470.00,610.00
KY,GA,F06,T03,107.00,86.00,17.00
WI,IL,F06,T00,213.00,222.00,12.00
NY,MI,F07,T03,468.00,622.00,133.00
NJ,NJ,F07,T03,5652.00,11038.00,187.00
MS,MS,F08,T00,617.00,732.00,12.00
KS,CA,F06,T03,328.00,452.00,378.00
WV,OH,F05,T00,23.00,20.00,3.00
CA,AL,F07,T06,144.00,230.00,288.00
NY,MN,F07,T00,26.00,32.00,16.00
GA,AL,F07,T03,646.00,1748.00,135.00
ND,MI,F07,T06,12.00,94.00,45.00
NE,MN,F07,T03,34.00,96.00,16.00
VA,SC,F08,T03,380.00,1064.00,215.00
CO,CO,F07,T03,4081.00,9934.00,126.00
WA,OR,F07,T00,592.00,1142.00,107.00
NJ,MO,F08,T00,48.00,70.00,39.00
ID,GA,F03,T03,94.00,366.00,369.00
DE,AZ,F05,T03,6.00,28.00,36.00
IA,IA,F08,T03,1064.00,2144.00,40.00
NC,NC,F05,T00,1864.00,1688.00,49.00
AL,NC,F05,T03,280.00,246.00,67.00
NV,TX,F07,T03,102.00,68.00,40.00
ND,CA,F04,T06,29.00,430.00,442.00
OR,CA,F04,T03,109.00,960.00,384.00
CA,UT,F07,T00,520.00,722.00,257.00
AR,VA,F05,T00,125.00,116.00,59.00
CA,NE,F07,T03,48.00,94.00,76.00
FL,AZ,F07,T03,16.00,20.00,20.00
TN,TX,F07,T00,387.00,718.00,253.00
MO,GA,F05,T03,160.00,192.00,71.00
PA,AL,F09,T00,8.00,2.00,1.00
VA,CA,F05,T03,87.00,92.00,125.00
MA,MA,F05,T00,1721.00,636.00,10.00
WI,IN,F07,T03,862.00,1548.00,279.00
VT,VT,F04,T00,165.00,1464.00,20.00
WA,KY,F03,T00,11.00,36.00,42.00
GA,DE,F05,T00,55.00,58.00,19.00
NC,NJ,F05,T00,337.00,510.00,143.00
LA,MS,F07,T03,40.00,100.00,9.00
MT,MT,F07,T03,666.00,2134.00,54.00
GA,MS,F08,T03,178.00,448.00,88.00
HI,HI,F08,T00,264.00,208.00,3.00
NC,CA,F09,T00,28.00,2.00,2.00
ND,MN,F07,T03,246.00,1228.00,114.00
ID,MO,F03,T03,22.00,68.00,46.00
CA,AZ,F05,T03,307.00,356.00,78.00
NY,CT,F07,T00,217.00,392.00,47.00
TN,TN,F07,T00,2879.00,7410.00,237.00
TX,TN,F05,T00,167.00,110.00,43.00
IA,OH,F04,T03,97.00,196.00,42.00
NY,NY,F08,T00,4008.00,5186.00,75.00
IL,CA,F07,T00,1412.00,1852.00,1945.00
CA,CO,F08,T03,209.00,154.00,92.00
KS,TX,F01,T00,3.00,10.00,1.00
IN,IN,F05,T03,238.00,180.00,4.00
PA,NJ,F07,T03,872.00,2530.00,164.00
TX,AL,F05,T03,306.00,302.00,147.00
CA,IL,F07,T06,210.00,518.00,584.00
TX,OK,F05,T03,217.00,206.00,37.00
HI,HI,F07,T07,354.00,796.00,82.00
CA,CT,F08,T00,39.00,42.00,66.00
AL,TX,F05,T03,175.00,302.00,127.00
VT,GA,F07,T00,36.00,30.00,17.00
MI,MI,F08,T03,6168.00,9648.00,120.00
NY,PA,F04,T03,99.00,226.00,24.00
PA,AL,F06,T03,96.00,160.00,68.00
NM,IL,F07,T00,28.00,24.00,16.00
WI,MN,F06,T03,241.00,362.00,58.00
NJ,OH,F07,T00,277.00,414.00,102.00
KY,OH,F07,T00,530.00,1262.00,97.00
TN,LA,F07,T00,164.00,384.00,83.00
IL,IA,F08,T03,70.00,392.00,36.00
AZ,AZ,F08,T00,1319.00,1398.00,9.00
NE,NE,F07,T00,631.00,1646.00,52.00
TN,GA,F03,T03,161.00,280.00,58.00
GA,OH,F08,T00,39.00,94.00,34.00
OK,KY,F05,T00,28.00,20.00,8.00
IL,LA,F02,T00,2080.00,51198.00,31096.00
LA,IL,F07,T06,44.00,154.00,77.00
MI,PA,F07,T06,90.00,142.00,58.00
MN,OK,F05,T00,63.00,60.00,22.00
MO,OH,F06,T03,185.00,256.00,79.00
FL,GA,F05,T00,265.00,228.00,36.00
WV,NY,F05,T03,22.00,34.00,6.00
AL,LA,F07,T03,85.00,194.00,38.00
IL,OH,F07,T03,1457.00,3656.00,626.00
LA,LA,F08,T00,1182.00,1174.00,15.00
CA,MI,F08,T00,107.00,80.00,96.00
KY,AL,F07,T03,29.00,114.00,20.00
CO,TX,F05,T00,461.00,380.00,189.00
FL,TN,F07,T06,49.00,218.00,100.00
IL,TN,F05,T03,132.00,86.00,21.00
CA,NJ,F07,T06,99.00,352.00,562.00
TN,TN,F05,T00,1340.00,1154.00,49.00
NV,WA,F07,T00,76.00,126.00,72.00
KS,KY,F05,T00,64.00,62.00,28.00
KS,MI,F06,T03,68.00,128.00,46.00
FL,FL,F03,T00,1440.00,4180.00,160.00
WI,TN,F07,T03,510.00,666.00,221.00
MS,KS,F01,T03,86.00,88.00,38.00
VA,MD,F08,T00,101.00,194.00,14.00
LA,LA,F02,T07,13530.00,295438.00,5321.00
FL,AL,F07,T03,101.00,194.00,59.00
FL,FL,F04,T03,315.00,4790.00,304.00
MO,WI,F06,T00,49.00,180.00,56.00
MD,MA,F07,T03,330.00,456.00,94.00
OR,WA,F04,T00,308.00,3188.00,245.00
NY,NE,F07,T03,36.00,48.00,24.00
NH,NY,F08,T00,31.00,88.00,14.00
NH,MA,F08,T03,460.00,1232.00,36.00
IL,TX,F06,T00,175.00,438.00,233.00
FL,SC,F07,T00,77.00,128.00,31.00
TX,OH,F07,T03,316.00,612.00,316.00
OR,GA,F07,T00,50.00,104.00,141.00
PA,MA,F06,T00,143.00,152.00,27.00
IN,TX,F07,T03,160.00,278.00,143.00
CA,WA,F08,T03,381.00,750.00,368.00
PA,NY,F06,T00,357.00,432.00,39.00
IL,FL,F06,T03,106.00,136.00,78.00
NY,MA,F07,T00,373.00,828.00,116.00
MD,MD,F05,T03,3030.00,1762.00,27.00
PA,MA,F06,T03,280.00,298.00,53.00
TN,TN,F03,T00,789.00,1068.00,20.00
AZ,AZ,F05,T03,896.00,734.00,8.00
GA,CA,F05,T00,191.00,250.00,287.00
IL,MN,F06,T00,76.00,232.00,64.00
GA,FL,F07,T03,2206.00,4074.00,862.00
AR,MO,F05,T00,396.00,388.00,50.00
TX,MS,F07,T03,80.00,144.00,34.00
ND,NM,F04,T00,18.00,336.00,271.00
FL,FL,F03,T03,1604.00,5174.00,224.00
MI,PA,F06,T00,121.00,138.00,43.00
GA,TN,F07,T03,928.00,1880.00,258.00
NV,WA,F07,T03,152.00,252.00,143.00
NV,NV,F07,T00,1131.00,2448.00,24.00
FL,GA,F08,T00,199.00,506.00,59.00
CA,WA,F03,T03,380.00,584.00,305.00
IL,UT,F07,T00,40.00,38.00,26.00
VA,TX,F07,T00,91.00,90.00,57.00
WI,OK,F07,T03,174.00,80.00,38.00
VA,TX,F04,T00,5.00,106.00,79.00
WA,OR,F02,T00,291.00,4810.00,644.00
MA,FL,F07,T00,15.00,22.00,14.00
NE,CO,F07,T03,39.00,96.00,24.00
MO,LA,F02,T00,370.00,8622.00,4066.00
NE,MI,F05,T03,1054.00,620.00,248.00
SC,SC,F07,T00,4051.00,6724.00,204.00
DE,NH,F05,T00,8.00,14.00,3.00
NC,DE,F05,T03,46.00,38.00,5.00
CA,KY,F07,T03,89.00,76.00,82.00
IA,PA,F07,T03,137.00,200.00,92.00
OR,GA,F07,T06,14.00,44.00,62.00
AR,NJ,F05,T03,91.00,58.00,36.00
NY,CT,F06,T03,313.00,280.00,18.00
OH,PA,F01,T00,104.00,236.00,44.00
MO,MI,F06,T03,56.00,120.00,45.00
KY,KS,F06,T00,130.00,154.00,54.00
AR,MS,F05,T03,370.00,382.00,74.00
AR,OK,F05,T03,293.00,626.00,44.00
TX,OK,F07,T03,914.00,1394.00,165.00
NY,NJ,F08,T03,62.00,142.00,12.00
CA,IA,F03,T03,81.00,154.00,138.00
GA,FL,F07,T00,1107.00,2064.00,438.00
IA,LA,F02,T00,553.00,11550.00,7543.00
AR,AR,F08,T03,1156.00,1764.00,24.00
MI,MI,F09,T03,712.00,212.00,4.00
GA,MS,F05,T03,147.00,116.00,22.00
AZ,AZ,F05,T00,456.00,376.00,4.00
PA,SC,F07,T03,26.00,56.00,18.00
MD,MD,F08,T03,1887.00,2692.00,32.00
NY,IL,F05,T03,44.00,22.00,8.00
MO,CA,F06,T03,201.00,598.00,505.00
IA,LA,F03,T07,1054.00,11144.00,7240.00
MN,FL,F06,T00,13.00,46.00,40.00
OH,MD,F07,T03,106.00,308.00,71.00
TX,AL,F05,T00,154.00,152.00,74.00
VA,NY,F05,T00,147.00,236.00,48.00
MO,NC,F07,T00,61.00,60.00,27.00
NY,NC,F08,T03,16.00,38.00,13.00
TN,FL,F09,T00,92.00,6.00,2.00
TN,SC,F07,T00,172.00,416.00,78.00
TX,AZ,F05,T00,131.00,126.00,66.00
ID,ID,F08,T03,382.00,690.00,12.00
IL,AR,F07,T00,119.00,190.00,44.00
IL,MS,F04,T06,55.00,688.00,243.00
CA,VA,F08,T03,124.00,132.00,182.00
AL,VA,F05,T00,17.00,20.00,8.00
MD,PA,F07,T00,768.00,2342.00,144.00
PA,IL,F07,T03,1147.00,720.00,260.00
IA,NC,F05,T03,170.00,216.00,114.00
MO,WI,F06,T03,34.00,122.00,36.00
IA,NY,F07,T06,37.00,400.00,167.00
ND,VA,F07,T00,16.00,64.00,49.00
TN,TX,F06,T03,137.00,166.00,48.00
AR,MO,F05,T03,656.00,672.00,94.00
OH,IL,F06,T00,337.00,528.00,95.00
LA,MO,F07,T00,909.00,586.00,246.00
TN,FL,F08,T03,300.00,720.00,250.00
NY,CT,F06,T00,206.00,164.00,10.00
MT,NJ,F07,T00,8.00,36.00,35.00
FL,SC,F05,T03,44.00,30.00,6.00
NH,NJ,F07,T00,30.00,30.00,4.00
PA,AL,F09,T03,16.00,4.00,2.00
VA,KY,F05,T03,5.00,8.00,2.00
ND,NM,F04,T06,18.00,336.00,271.00
MS,MS,F05,T00,1075.00,1892.00,68.00
AR,TN,F05,T00,65.00,42.00,10.00
CA,NV,F08,T00,118.00,288.00,54.00
TX,NC,F06,T00,36.00,72.00,43.00
CA,CA,F03,T00,19036.00,32032.00,1269.00
NE,KS,F07,T03,70.00,308.00,39.00
CA,WA,F06,T03,302.00,554.00,253.00
IN,WI,F07,T03,197.00,432.00,65.00
TX,GA,F07,T00,83.00,190.00,77.00
NY,TX,F08,T00,45.00,92.00,76.00
OK,TX,F06,T03,174.00,710.00,127.00
CO,TX,F05,T03,922.00,760.00,378.00
KY,CA,F05,T00,40.00,34.00,36.00
NC,NC,F05,T03,3550.00,3146.00,92.00
ME,NH,F06,T03,93.00,164.00,8.00
NY,PA,F04,T00,99.00,226.00,24.00
IL,NY,F06,T03,87.00,138.00,46.00
CA,CA,F08,T00,13885.00,17526.00,634.00
KY,FL,F05,T00,18.00,14.00,6.00
CA,MI,F07,T00,196.00,400.00,466.00
NC,GA,F05,T00,302.00,534.00,86.00
CA,AZ,F06,T00,159.00,160.00,34.00
MO,MN,F07,T03,122.00,260.00,68.00
CA,IA,F08,T03,18.00,16.00,12.00
CO,NE,F04,T03,12.00,220.00,40.00
MA,VT,F06,T00,39.00,58.00,5.00
IN,TN,F02,T00,102.00,2652.00,714.00
FL,FL,F04,T00,198.00,2616.00,169.00
OH,OH,F02,T00,318.00,7582.00,229.00
LA,LA,F08,T03,2364.00,2348.00,30.00
TX,TX,F02,T03,2381.00,41906.00,1332.00
FL,MA,F07,T03,170.00,456.00,320.00
ID,CA,F05,T03,532.00,536.00,186.00
MN,KS,F05,T03,106.00,136.00,38.00
PA,IL,F07,T00,573.00,360.00,130.00
CT,PA,F07,T03,302.00,232.00,38.00
TN,IL,F07,T00,430.00,356.00,87.00
CO,NE,F07,T03,63.00,32.00,7.00
NY,FL,F08,T00,67.00,118.00,74.00
GA,FL,F05,T00,592.00,456.00,100.00
VT,TX,F07,T00,12.00,10.00,9.00
PA,GA,F06,T03,775.00,720.00,273.00
IA,WI,F06,T06,23.00,234.00,52.00
IA,CA,F06,T00,139.00,238.00,234.00
NE,CA,F05,T03,1439.00,872.00,656.00
SD,MN,F02,T00,439.00,7866.00,1225.00
MA,VA,F07,T00,57.00,110.00,31.00
IN,IN,F08,T03,227.00,398.00,13.00
SC,CA,F05,T00,36.00,52.00,65.00
FL,NC,F06,T03,126.00,76.00,26.00
KS,CO,F05,T00,128.00,86.00,18.00
OR,WA,F05,T03,899.00,700.00,65.00
KY,IL,F08,T03,46.00,28.00,4.00
NC,SC,F07,T00,347.00,882.00,66.00
IA,AZ,F08,T06,68.00,378.00,336.00
ID,AZ,F07,T03,56.00,140.00,62.00
MO,FL,F05,T03,96.00,60.00,38.00
VT,IN,F07,T00,11.00,10.00,5.00
NV,NV,F08,T03,1968.00,1800.00,14.00
FL,VA,F07,T00,81.00,204.00,86.00
NJ,PA,F05,T03,85.00,56.00,4.00
TN,GA,F06,T00,261.00,498.00,95.00
IN,OH,F07,T03,781.00,3066.00,242.00
NH,MA,F05,T00,224.00,94.00,3.00
NY,MA,F08,T03,127.00,294.00,39.00
MS,MI,F05,T00,108.00,92.00,39.00
FL,PA,F07,T00,145.00,292.00,165.00
IL,TX,F08,T00,112.00,530.00,368.00
NV,OH,F06,T00,21.00,18.00,20.00
PA,PA,F07,T03,22128.00,59586.00,830.00
SD,MN,F03,T00,248.00,2154.00,339.00
NC,NY,F09,T00,39.00,2.00,1.00
NE,MN,F07,T00,17.00,48.00,8.00
KY,CA,F08,T00,62.00,30.00,35.00
TX,TN,F07,T00,18.00,44.00,17.00
GA,SC,F08,T03,124.00,320.00,48.00
AR,IN,F05,T00,332.00,180.00,54.00
MN,CA,F05,T00,366.00,304.00,283.00
PA,CA,F05,T03,22.00,14.00,23.00
KY,PA,F07,T03,184.00,484.00,154.00
WI,PA,F06,T00,29.00,30.00,11.00
KS,IA,F07,T00,191.00,796.00,173.00
TN,FL,F06,T00,138.00,112.00,31.00
ID,CA,F07,T00,360.00,1104.00,488.00
NY,MI,F08,T00,118.00,270.00,77.00
KY,IL,F08,T00,23.00,14.00,2.00
NE,FL,F05,T00,370.00,230.00,175.00
MD,PA,F07,T03,1446.00,4306.00,257.00
TN,TN,F08,T00,1653.00,2490.00,58.00
ID,IN,F03,T03,118.00,400.00,329.00
OH,NC,F03,T03,56.00,36.00,8.00
KY,CA,F05,T03,80.00,68.00,73.00
FL,AZ,F07,T00,8.00,10.00,10.00
OH,MD,F07,T00,119.00,452.00,112.00
AL,CA,F05,T03,372.00,488.00,512.00
IA,IN,F04,T03,247.00,556.00,98.00
KS,AL,F06,T03,58.00,100.00,38.00
NY,ME,F07,T03,158.00,408.00,115.00
PA,NY,F07,T03,1616.00,3584.00,376.00
CA,GA,F06,T00,119.00,72.00,79.00
OH,WV,F07,T06,16.00,168.00,46.00
ND,WA,F04,T06,14.00,310.00,244.00
ID,WA,F06,T00,35.00,66.00,13.00
IA,WI,F08,T03,104.00,576.00,66.00
IA,IA,F08,T00,532.00,1072.00,20.00
WA,TX,F03,T03,146.00,392.00,406.00
GA,CA,F06,T00,107.00,128.00,146.00
NY,VT,F07,T00,56.00,120.00,17.00
AL,FL,F05,T00,130.00,208.00,46.00
AR,LA,F07,T03,198.00,566.00,125.00
NE,MO,F05,T00,444.00,224.00,50.00
MN,KS,F05,T00,53.00,68.00,19.00
OK,KS,F05,T00,101.00,90.00,14.00
AR,OH,F05,T00,223.00,156.00,66.00
OH,MN,F07,T03,291.00,438.00,155.00
NH,VT,F07,T00,45.00,140.00,12.00
NV,OH,F06,T03,28.00,24.00,28.00
NC,TN,F07,T00,174.00,258.00,39.00
NY,FL,F08,T03,58.00,106.00,64.00
MD,NJ,F06,T00,107.00,104.00,8.00
NV,NV,F08,T00,984.00,900.00,7.00
WI,PA,F06,T03,29.00,28.00,10.00
KS,CA,F06,T00,174.00,262.00,222.00
CO,WI,F07,T03,39.00,40.00,20.00
IA,PA,F06,T00,79.00,174.00,86.00
MN,CA,F05,T03,727.00,602.00,559.00
GA,MA,F05,T00,59.00,58.00,32.00
NY,MI,F07,T00,243.00,336.00,72.00
VA,NC,F06,T00,106.00,66.00,7.00
IN,OK,F07,T03,32.00,88.00,30.00
MI,NV,F07,T00,39.00,28.00,30.00
IN,PA,F07,T06,46.00,382.00,131.00
TX,FL,F05,T00,640.00,464.00,286.00
PA,GA,F07,T00,297.00,396.00,144.00
IN,AL,F04,T00,34.00,452.00,167.00
MO,SC,F07,T03,33.00,34.00,15.00
VT,CT,F07,T03,85.00,196.00,25.00
VT,FL,F07,T00,37.00,30.00,22.00
OH,NC,F07,T03,504.00,868.00,260.00
CA,GA,F06,T03,236.00,136.00,152.00
MO,GA,F05,T00,85.00,98.00,37.00
AZ,NV,F06,T00,34.00,32.00,5.00
CA,WI,F07,T00,368.00,526.00,573.00
IN,OH,F07,T00,536.00,2124.00,183.00
KS,KS,F07,T03,1356.00,6084.00,283.00
KY,TN,F07,T00,320.00,1100.00,86.00
OH,FL,F07,T03,664.00,1058.00,515.00
MN,LA,F03,T07,1144.00,13488.00,11212.00
IA,NY,F05,T03,71.00,72.00,44.00
MO,OR,F07,T00,48.00,60.00,59.00
NE,NC,F05,T00,258.00,180.00,117.00
NE,IA,F04,T00,81.00,608.00,37.00
WA,AZ,F08,T03,12.00,20.00,14.00
IA,LA,F07,T06,234.00,1710.00,1019.00
OH,IL,F06,T03,599.00,952.00,169.00
KS,CO,F05,T03,244.00,152.00,30.00
KY,TN,F08,T03,62.00,44.00,6.00
MO,FL,F07,T03,120.00,172.00,89.00
MD,NY,F07,T03,558.00,1000.00,141.00
NY,FL,F07,T03,450.00,654.00,421.00
TX,MO,F08,T00,65.00,198.00,55.00
NE,TX,F05,T03,1796.00,1496.00,586.00
CA,OR,F05,T00,93.00,70.00,29.00
IA,MO,F04,T03,123.00,1228.00,97.00
NJ,MO,F08,T03,96.00,140.00,78.00
DE,FL,F05,T00,16.00,32.00,16.00
TN,IN,F06,T00,94.00,112.00,27.00
CA,NY,F07,T00,123.00,576.00,853.00
IA,VA,F07,T00,19.00,126.00,58.00
CA,NJ,F07,T00,255.00,676.00,1030.00
TN,MD,F06,T00,25.00,18.00,6.00
NE,IN,F05,T00,324.00,188.00,66.00
SD,SD,F01,T03,240.00,326.00,4.00
TN,KY,F06,T00,197.00,188.00,18.00
WI,IA,F08,T03,65.00,212.00,33.00
FL,MN,F07,T00,98.00,144.00,117.00
MS,MI,F05,T03,198.00,170.00,72.00
MI,AL,F07,T03,89.00,310.00,119.00
CA,OK,F07,T00,88.00,140.00,114.00
NE,WI,F05,T03,738.00,452.00,130.00
HI,HI,F07,T00,904.00,1744.00,53.00
ND,MI,F08,T00,24.00,138.00,79.00
AR,MS,F07,T00,204.00,786.00,117.00
OH,OH,F07,T03,13208.00,33134.00,1196.00
PA,MD,F06,T03,669.00,670.00,49.00
VA,VA,F05,T03,3674.00,3560.00,160.00
SC,NC,F07,T00,1445.00,1896.00,137.00
MA,VT,F06,T03,60.00,88.00,7.00
IL,IL,F09,T03,892.00,28.00,2.00
MA,NH,F06,T00,37.00,68.00,3.00
CA,TX,F03,T00,36.00,32.00,29.00
NC,PA,F07,T00,222.00,368.00,90.00
AR,NJ,F05,T00,91.00,58.00,36.00
KY,TX,F08,T00,97.00,40.00,20.00
ND,TN,F07,T00,57.00,234.00,151.00
IA,IA,F06,T03,356.00,998.00,6.00
NC,DE,F05,T00,46.00,38.00,5.00
OK,AL,F05,T03,6.00,6.00,3.00
VT,CT,F04,T03,4.00,28.00,4.00
OK,TX,F05,T03,484.00,458.00,82.00
ID,OR,F07,T03,105.00,250.00,52.00
ID,UT,F07,T03,390.00,618.00,72.00
PA,GA,F06,T00,393.00,364.00,138.00
CA,NV,F08,T03,236.00,578.00,108.00
WA,TX,F07,T00,55.00,154.00,162.00
WI,OK,F07,T00,87.00,40.00,19.00
IA,UT,F05,T00,11.00,8.00,4.00
MS,OK,F07,T03,44.00,60.00,16.00
FL,FL,F07,T06,39.00,158.00,16.00
KY,PA,F05,T00,56.00,40.00,11.00
NY,MD,F07,T03,502.00,374.00,63.00
UT,UT,F06,T00,334.00,922.00,13.00
CA,PA,F03,T03,407.00,694.00,955.00
CA,CA,F06,T03,10704.00,19776.00,1217.00
CA,LA,F08,T03,28.00,16.00,18.00
ID,WI,F07,T00,178.00,296.00,243.00
IL,MI,F05,T00,71.00,50.00,8.00
WI,TN,F07,T00,510.00,666.00,221.00
NC,KY,F07,T00,53.00,146.00,31.00
FL,GA,F04,T00,21.00,398.00,78.00
KS,KS,F02,T00,3537.00,75196.00,2607.00
MD,TX,F07,T03,106.00,112.00,82.00
MO,AR,F07,T03,123.00,624.00,76.00
MN,LA,F02,T07,2824.00,70884.00,58856.00
OK,AR,F07,T00,92.00,358.00,30.00
OH,VA,F07,T00,131.00,598.00,171.00
NJ,CT,F08,T03,182.00,488.00,26.00
NC,NH,F05,T03,8.00,8.00,4.00
CA,VA,F08,T00,76.00,84.00,121.00
KY,IN,F06,T03,110.00,108.00,14.00
VT,PA,F07,T00,66.00,64.00,14.00
CO,CO,F04,T03,167.00,1264.00,45.00
NC,PA,F05,T00,409.00,394.00,83.00
IL,MS,F04,T00,56.00,690.00,243.00
VA,PA,F06,T03,72.00,48.00,7.00
VT,MO,F07,T00,26.00,24.00,14.00
TN,AL,F06,T03,277.00,270.00,30.00
AR,MO,F07,T03,151.00,432.00,60.00
IA,NE,F05,T00,629.00,442.00,29.00
NH,NY,F07,T03,34.00,38.00,4.00
NC,MA,F05,T03,72.00,54.00,20.00
NC,NC,F07,T03,4394.00,17648.00,500.00
CA,UT,F05,T00,69.00,72.00,25.00
CA,TX,F05,T03,239.00,118.00,86.00
IL,IA,F08,T00,35.00,196.00,18.00
CA,MT,F07,T00,15.00,16.00,9.00
OK,TX,F06,T00,90.00,358.00,64.00
MN,FL,F05,T03,572.00,484.00,398.00
ID,OH,F07,T03,63.00,182.00,166.00
MN,WA,F05,T03,148.00,160.00,126.00
AR,MO,F07,T00,151.00,432.00,60.00
VA,NJ,F06,T00,114.00,70.00,11.00
IN,VA,F07,T03,16.00,12.00,4.00
KY,KS,F06,T03,260.00,308.00,108.00
VT,VT,F08,T03,401.00,564.00,8.00
AR,KY,F05,T03,72.00,54.00,18.00
MI,OK,F07,T00,16.00,46.00,23.00
MO,MO,F06,T03,2317.00,4288.00,170.00
NJ,PA,F07,T03,2986.00,6246.00,390.00
SC,VA,F05,T03,73.00,66.00,12.00
MD,DE,F02,T03,15.00,350.00,11.00
TN,GA,F06,T03,369.00,466.00,69.00
OH,MO,F07,T00,95.00,194.00,58.00
CA,ID,F07,T03,25.00,32.00,10.00
OH,FL,F07,T00,368.00,564.00,276.00
MA,FL,F07,T03,30.00,44.00,28.00
ND,WA,F07,T06,26.00,374.00,302.00
NY,GA,F07,T03,288.00,424.00,201.00
IN,TN,F02,T06,102.00,2652.00,714.00
NE,IA,F05,T00,1277.00,852.00,65.00
AR,KY,F07,T00,14.00,66.00,7.00
NC,NY,F07,T00,177.00,214.00,76.00
IA,TX,F07,T06,149.00,1768.00,896.00
WI,WI,F07,T03,19146.00,32208.00,1362.00
WA,WA,F08,T03,2133.00,2878.00,60.00
IA,SD,F05,T03,120.00,116.00,25.00
VA,CA,F05,T00,87.00,92.00,125.00
OR,OR,F05,T03,1495.00,1136.00,40.00
CA,IL,F06,T03,500.00,504.00,511.00
FL,IL,F07,T03,174.00,388.00,220.00
AR,AR,F08,T00,578.00,882.00,12.00
IN,LA,F03,T07,400.00,4532.00,2404.00
NY,AL,F07,T00,17.00,24.00,11.00
ND,OH,F07,T00,54.00,382.00,196.00
AR,SC,F05,T00,156.00,130.00,53.00
NH,GA,F05,T03,10.00,4.00,2.00
IN,IL,F05,T03,92.00,130.00,9.00
IN,TN,F07,T06,19.00,230.00,66.00
OK,KS,F05,T03,158.00,140.00,22.00
OK,IL,F05,T03,19.00,14.00,5.00
NC,FL,F04,T00,2.00,64.00,23.00
MD,NH,F07,T00,20.00,28.00,6.00
MN,NY,F06,T06,21.00,228.00,133.00
MD,MD,F05,T00,1526.00,894.00,14.00
MO,MD,F05,T03,22.00,12.00,6.00
WI,CT,F07,T00,122.00,64.00,35.00
LA,CA,F07,T03,27.00,42.00,38.00
KY,KY,F05,T00,535.00,532.00,12.00
CA,AZ,F03,T03,388.00,676.00,184.00
CA,KY,F07,T00,88.00,124.00,148.00
MI,NC,F07,T03,92.00,356.00,128.00
KS,FL,F05,T00,245.00,116.00,88.00
TX,TX,F08,T00,7271.00,10304.00,501.00
GA,PA,F07,T00,67.00,210.00,84.00
TN,TN,F07,T03,5706.00,14558.00,453.00
FL,SC,F07,T03,135.00,236.00,53.00
DE,NJ,F07,T00,29.00,126.00,5.00
MN,WA,F02,T06,222.00,5898.00,5856.00
IA,OK,F04,T00,167.00,890.00,298.00
SC,NY,F05,T03,171.00,184.00,67.00
FL,NY,F05,T03,104.00,40.00,22.00
CA,OR,F03,T03,285.00,392.00,133.00
IL,GA,F07,T00,845.00,1502.00,505.00
AR,NY,F05,T03,152.00,132.00,78.00
CA,MT,F08,T00,27.00,54.00,30.00
CA,WA,F03,T00,380.00,584.00,305.00
IA,IA,F05,T03,2036.00,2118.00,87.00
WI,IN,F07,T00,495.00,886.00,159.00
KY,MO,F05,T03,37.00,42.00,9.00
CA,CO,F08,T00,122.00,108.00,65.00
MN,WA,F05,T00,88.00,116.00,101.00
ID,TX,F07,T00,124.00,426.00,353.00
MT,SD,F04,T03,4.00,80.00,12.00
OH,MO,F06,T03,307.00,492.00,137.00
MO,MI,F07,T00,74.00,164.00,41.00
VA,VA,F08,T03,1866.00,2822.00,95.00
GA,TX,F08,T00,28.00,84.00,37.00
VT,MA,F07,T03,285.00,678.00,79.00
ID,WI,F03,T00,27.00,92.00,72.00
NE,MO,F07,T03,20.00,74.00,9.00
MD,OH,F07,T03,196.00,388.00,78.00
MN,OH,F05,T03,706.00,560.00,210.00
KS,SC,F07,T03,8.00,4.00,2.00
DE,DE,F08,T00,377.00,466.00,5.00
MN,OK,F05,T03,126.00,120.00,44.00
SC,GA,F05,T03,310.00,392.00,38.00
VA,SC,F08,T00,235.00,642.00,130.00
PA,NC,F06,T03,125.00,180.00,43.00
DE,NY,F05,T03,221.00,344.00,52.00
KY,CA,F06,T03,122.00,112.00,122.00
CA,GA,F08,T00,75.00,68.00,95.00
IN,TX,F06,T00,114.00,294.00,172.00
TN,FL,F09,T03,156.00,8.00,3.00
KY,OH,F07,T03,824.00,1774.00,141.00
KS,TX,F05,T00,1123.00,928.00,284.00
MA,MA,F07,T03,57.00,124.00,3.00
TN,MD,F07,T03,39.00,68.00,25.00
SC,PA,F06,T00,26.00,36.00,11.00
NJ,MD,F08,T03,90.00,256.00,26.00
ID,FL,F03,T03,237.00,684.00,864.00
MN,CO,F05,T00,82.00,88.00,35.00
MS,TX,F05,T03,292.00,288.00,77.00
MS,GA,F06,T03,122.00,556.00,120.00
KY,VA,F07,T00,101.00,266.00,72.00
CA,NY,F05,T00,36.00,16.00,22.00
CO,CO,F05,T00,748.00,476.00,12.00
TX,FL,F05,T03,1198.00,854.00,534.00
IL,IA,F01,T03,16.00,64.00,12.00
SC,SC,F08,T03,2724.00,3826.00,52.00
CA,MI,F08,T03,209.00,158.00,189.00
ID,IN,F03,T00,95.00,292.00,246.00
NY,SC,F07,T03,90.00,168.00,63.00
WA,VA,F08,T03,12.00,8.00,10.00
TN,GA,F05,T03,803.00,1282.00,101.00
MO,TX,F06,T03,328.00,1124.00,322.00
WY,MT,F07,T03,46.00,222.00,39.00
VA,VA,F04,T03,211.00,1844.00,64.00
GA,NC,F07,T03,1364.00,2086.00,349.00
MI,MN,F07,T03,130.00,388.00,117.00
GA,MS,F05,T00,147.00,116.00,22.00
UT,ID,F07,T03,213.00,300.00,31.00
WA,CO,F07,T03,36.00,56.00,34.00
KS,AR,F05,T03,389.00,316.00,67.00
ND,MA,F07,T00,15.00,82.00,70.00
MN,MN,F04,T03,1524.00,21972.00,730.00
TX,OH,F06,T03,21.00,28.00,16.00
NC,SC,F05,T00,398.00,446.00,35.00
AR,VA,F05,T03,125.00,116.00,59.00
AR,NV,F07,T00,64.00,68.00,65.00
IN,IN,F04,T03,186.00,1528.00,39.00
IN,MD,F07,T06,59.00,460.00,173.00
NC,WV,F05,T00,11.00,10.00,2.00
IA,SC,F05,T03,72.00,64.00,34.00
IN,NC,F04,T00,43.00,512.00,212.00
VA,MD,F05,T03,181.00,366.00,23.00
CA,NY,F05,T03,71.00,32.00,44.00
PA,SC,F07,T00,26.00,56.00,18.00
TX,NC,F05,T03,612.00,340.00,218.00
OH,WI,F08,T03,84.00,236.00,58.00
NH,OH,F07,T00,8.00,8.00,3.00
AR,OK,F05,T00,162.00,350.00,25.00
FL,OK,F03,T00,10.00,4.00,2.00
CA,NV,F07,T03,950.00,1920.00,250.00
AR,NY,F05,T00,76.00,66.00,39.00
MT,MT,F06,T00,120.00,240.00,8.00
FL,GA,F07,T00,380.00,1302.00,202.00
ND,ND,F05,T03,228.00,124.00,6.00
IN,IN,F07,T03,7900.00,28542.00,609.00
FL,GA,F08,T03,398.00,1012.00,118.00
IL,OK,F07,T03,236.00,444.00,148.00
NE,NC,F05,T03,516.00,360.00,234.00
NY,CA,F05,T03,222.00,84.00,120.00
WI,IA,F07,T03,139.00,338.00,35.00
AR,PA,F07,T03,319.00,342.00,207.00
MO,IA,F05,T03,44.00,38.00,7.00
ND,MN,F03,T06,57.00,590.00,120.00
WV,OH,F05,T03,23.00,20.00,3.00
SC,IA,F05,T00,35.00,32.00,15.00
TX,LA,F05,T03,224.00,184.00,45.00
MI,OH,F07,T03,273.00,938.00,123.00
WV,PA,F05,T03,222.00,180.00,20.00
ND,NY,F06,T03,12.00,36.00,28.00
NJ,CO,F07,T00,35.00,24.00,21.00
CA,AZ,F03,T00,393.00,678.00,186.00
MI,GA,F07,T03,146.00,110.00,44.00
SC,GA,F05,T00,157.00,198.00,19.00
VA,NC,F08,T00,307.00,742.00,96.00
IL,IL,F05,T03,1825.00,1232.00,16.00
KY,WI,F05,T03,94.00,72.00,18.00
GA,IL,F07,T03,124.00,212.00,72.00
PA,MI,F07,T03,66.00,6.00,2.00
MS,AL,F05,T03,341.00,378.00,44.00
FL,MI,F07,T03,280.00,542.00,331.00
MD,MD,F07,T00,2305.00,5582.00,82.00
LA,LA,F03,T07,5005.00,56220.00,1005.00
KS,NY,F07,T00,7.00,4.00,3.00
VT,VT,F04,T03,165.00,1464.00,20.00
KS,AR,F05,T00,198.00,160.00,34.00
NC,VA,F08,T03,221.00,944.00,84.00
NE,IA,F04,T03,142.00,986.00,60.00
KY,WI,F05,T00,47.00,36.00,9.00
AZ,CA,F04,T00,193.00,372.00,109.00
IA,CA,F07,T00,437.00,1524.00,1493.00
CO,CO,F07,T00,2049.00,4970.00,63.00
KS,OK,F07,T03,386.00,3356.00,328.00
WI,OH,F06,T03,61.00,70.00,14.00
VA,MD,F07,T00,760.00,1532.00,104.00
NY,TN,F07,T03,124.00,224.00,89.00
FL,FL,F06,T00,2411.00,3062.00,87.00
IA,PA,F06,T03,142.00,180.00,84.00
FL,TX,F07,T00,395.00,600.00,366.00
MI,MO,F07,T03,127.00,430.00,119.00
OK,KY,F05,T03,43.00,34.00,14.00
NY,NC,F07,T03,333.00,448.00,148.00
CA,IL,F06,T00,251.00,254.00,257.00
MI,KY,F07,T03,170.00,372.00,75.00
VA,PA,F07,T03,1212.00,676.00,81.00
ND,TN,F07,T06,52.00,208.00,136.00
OK,UT,F05,T03,32.00,32.00,18.00
KY,LA,F08,T03,78.00,48.00,18.00
ND,PA,F07,T06,46.00,238.00,164.00
NY,VA,F07,T03,25.00,48.00,11.00
FL,MI,F07,T00,143.00,280.00,171.00
UT,UT,F08,T00,249.00,426.00,5.00
NC,FL,F04,T03,2.00,64.00,23.00
IN,NC,F04,T06,42.00,508.00,211.00
GA,GA,F07,T03,4545.00,13396.00,454.00
FL,NC,F06,T00,72.00,44.00,14.00
AL,AL,F04,T03,270.00,2360.00,156.00
IL,AR,F05,T03,10.00,14.00,3.00
NM,WI,F07,T03,150.00,200.00,146.00
KS,SC,F05,T03,230.00,130.00,90.00
KY,CA,F07,T00,90.00,92.00,100.00
TX,NM,F08,T03,78.00,296.00,94.00
NC,WV,F07,T03,40.00,166.00,20.00
KS,IL,F06,T03,190.00,346.00,82.00
MN,OR,F05,T00,115.00,122.00,103.00
IL,AR,F06,T00,9.00,94.00,25.00
NC,PA,F08,T03,126.00,588.00,120.00
MS,TN,F07,T00,46.00,232.00,15.00
NH,FL,F07,T00,12.00,14.00,10.00
KS,KS,F05,T03,1483.00,1244.00,82.00
MD,DE,F06,T00,58.00,34.00,2.00
FL,IN,F07,T03,79.00,122.00,62.00
VT,MO,F07,T03,52.00,48.00,28.00
KS,IL,F06,T00,97.00,192.00,46.00
NV,GA,F07,T03,198.00,128.00,128.00
GA,IA,F05,T00,121.00,70.00,31.00
ND,MN,F07,T06,39.00,372.00,39.00
IL,NE,F07,T00,31.00,86.00,22.00
UT,FL,F07,T03,24.00,92.00,102.00
NE,NY,F05,T00,558.00,266.00,172.00
MD,CT,F06,T03,58.00,24.00,3.00
VT,IL,F07,T03,77.00,80.00,38.00
GA,MI,F07,T00,33.00,114.00,43.00
TN,MI,F07,T00,48.00,72.00,24.00
NE,IA,F07,T00,86.00,472.00,36.00
FL,GA,F04,T03,34.00,712.00,139.00
NY,NE,F07,T00,18.00,24.00,12.00
IN,IL,F04,T00,57.00,244.00,18.00
AR,SC,F05,T03,156.00,130.00,53.00
VA,AL,F06,T03,61.00,40.00,14.00
CA,WI,F03,T03,86.00,128.00,134.00
OH,CA,F06,T00,187.00,336.00,392.00
NH,FL,F05,T00,60.00,8.00,6.00
PA,NJ,F07,T00,872.00,2530.00,164.00
IN,NY,F05,T00,28.00,40.00,13.00
WI,NC,F07,T03,279.00,164.00,78.00
IA,TN,F05,T00,86.00,108.00,34.00
MS,OK,F07,T00,22.00,30.00,8.00
NY,CA,F05,T00,111.00,42.00,60.00
NC,NY,F05,T00,361.00,454.00,140.00
CO,WI,F05,T03,190.00,128.00,66.00
IL,IN,F07,T03,1531.00,4574.00,361.00
NH,NY,F07,T00,18.00,20.00,2.00
WV,VA,F05,T03,33.00,80.00,4.00
IA,NY,F07,T00,76.00,442.00,193.00
KS,FL,F06,T00,70.00,148.00,99.00
ND,NY,F07,T06,60.00,290.00,192.00
VT,NH,F07,T03,49.00,136.00,11.00
NY,IL,F08,T00,64.00,134.00,51.00
NH,PA,F07,T00,20.00,26.00,5.00
VA,FL,F06,T03,330.00,210.00,79.00
KS,IA,F05,T00,205.00,132.00,23.00
ID,PA,F03,T03,131.00,614.00,643.00
NY,CO,F07,T03,20.00,32.00,27.00
NJ,CT,F08,T00,91.00,244.00,13.00
IA,TX,F07,T00,878.00,2828.00,1385.00
IN,IL,F07,T03,1021.00,2762.00,147.00
CO,OR,F04,T03,188.00,420.00,244.00
IA,CA,F06,T03,256.00,228.00,214.00
MO,IL,F07,T03,263.00,524.00,86.00
AL,MI,F05,T03,33.00,38.00,14.00
NE,WI,F05,T00,369.00,226.00,65.00
TX,MA,F05,T00,151.00,92.00,85.00
IL,MI,F05,T03,69.00,50.00,7.00
MO,FL,F06,T03,31.00,126.00,73.00
OR,CA,F07,T00,416.00,504.00,200.00
VA,VA,F03,T00,1223.00,1316.00,33.00
MI,CA,F06,T03,246.00,236.00,264.00
IL,LA,F07,T00,616.00,4752.00,1900.00
IL,MS,F01,T00,4.00,14.00,3.00
CA,PA,F03,T00,383.00,782.00,1134.00
MS,CA,F05,T03,703.00,820.00,795.00
WI,IA,F06,T00,25.00,20.00,2.00
VA,AL,F06,T00,36.00,26.00,9.00
KY,PA,F05,T03,112.00,80.00,22.00
KY,GA,F07,T00,78.00,244.00,47.00
AL,CA,F05,T00,186.00,244.00,256.00
DE,MD,F05,T03,56.00,104.00,5.00
NC,NY,F05,T03,678.00,850.00,265.00
MI,IL,F06,T00,230.00,236.00,25.00
NC,CA,F05,T00,38.00,44.00,59.00
VT,CT,F04,T00,2.00,14.00,2.00
KY,WV,F07,T00,20.00,58.00,4.00
WY,MT,F07,T00,24.00,116.00,21.00
NC,GA,F07,T00,148.00,480.00,75.00
LA,FL,F06,T06,13.00,126.00,72.00
KY,TN,F08,T00,31.00,22.00,3.00
KS,IA,F05,T03,409.00,262.00,46.00
MA,RI,F06,T03,180.00,348.00,4.00
OH,NY,F07,T03,500.00,848.00,214.00
UT,NV,F06,T03,215.00,584.00,130.00
NY,IL,F08,T03,128.00,268.00,102.00
MD,DE,F06,T03,58.00,34.00,2.00
IA,IL,F06,T00,315.00,336.00,40.00
WA,NY,F08,T03,34.00,20.00,26.00
GA,TN,F05,T00,476.00,338.00,45.00
VA,TX,F04,T03,10.00,212.00,158.00
NC,VA,F08,T00,111.00,472.00,42.00
VA,VA,F05,T00,1837.00,1780.00,80.00
ND,MN,F04,T03,29.00,254.00,26.00
PA,PA,F06,T00,2748.00,3294.00,114.00
OK,NM,F05,T03,7.00,4.00,1.00
KY,FL,F05,T03,32.00,24.00,10.00
TX,CO,F05,T03,210.00,134.00,42.00
IA,GA,F04,T03,73.00,200.00,82.00
WI,MI,F07,T03,1464.00,3112.00,598.00
AZ,CA,F07,T00,62.00,68.00,13.00
NC,TN,F06,T00,18.00,28.00,5.00
IA,IN,F06,T00,97.00,82.00,16.00
TX,NM,F05,T03,29.00,40.00,14.00
VT,OH,F07,T03,19.00,22.00,8.00
NY,MD,F07,T00,502.00,374.00,63.00
TX,AR,F08,T03,70.00,170.00,33.00
NC,LA,F07,T03,16.00,28.00,12.00
TN,GA,F07,T00,866.00,2064.00,315.00
TX,NC,F06,T03,60.00,120.00,71.00
MN,WI,F05,T00,273.00,290.00,48.00
MN,OH,F03,T03,30.00,184.00,72.00
CA,CA,F05,T03,29858.00,24324.00,801.00
NJ,MD,F07,T00,458.00,522.00,42.00
NC,LA,F07,T00,8.00,14.00,6.00
WA,NC,F03,T00,17.00,40.00,56.00
NJ,GA,F07,T03,559.00,476.00,209.00
MS,FL,F05,T00,177.00,186.00,66.00
IA,IL,F04,T00,152.00,1110.00,209.00
NH,NH,F07,T03,517.00,1560.00,26.00
NM,CA,F06,T00,46.00,18.00,8.00
CT,CT,F05,T00,232.00,104.00,1.00
ND,WA,F08,T06,16.00,84.00,65.00
UT,FL,F07,T00,12.00,46.00,51.00
KY,IA,F07,T00,39.00,52.00,14.00
CO,CA,F05,T00,644.00,400.00,221.00
PA,TX,F06,T00,124.00,108.00,80.00
FL,IN,F07,T00,79.00,122.00,62.00
AL,GA,F07,T03,1174.00,3236.00,298.00
AR,OH,F05,T03,223.00,156.00,66.00
KS,KS,F05,T00,817.00,738.00,48.00
ND,FL,F03,T00,18.00,48.00,44.00
IA,WV,F06,T00,5.00,60.00,23.00
TN,NY,F05,T03,78.00,52.00,22.00
TX,NJ,F05,T00,71.00,36.00,30.00
MS,MS,F07,T03,2815.00,8462.00,280.00
NE,WA,F05,T00,140.00,94.00,73.00
OK,LA,F02,T00,87.00,1388.00,619.00
KY,MS,F07,T03,9.00,58.00,14.00
TN,PA,F07,T00,215.00,304.00,103.00
IA,WI,F05,T00,355.00,444.00,59.00
ND,MI,F08,T06,24.00,138.00,79.00
WA,WA,F06,T03,364.00,490.00,8.00
FL,LA,F05,T03,93.00,68.00,19.00
TX,MI,F04,T03,54.00,52.00,28.00
AZ,AZ,F04,T03,55.00,124.00,10.00
ND,ND,F04,T00,48.00,528.00,49.00
CT,NJ,F07,T03,95.00,128.00,8.00
NY,GA,F08,T00,16.00,36.00,17.00
NE,MA,F05,T03,394.00,232.00,176.00
TN,NJ,F07,T06,27.00,116.00,70.00
MO,TX,F04,T00,156.00,1470.00,615.00
KS,IL,F05,T00,555.00,340.00,135.00
OK,CA,F05,T00,126.00,138.00,97.00
TN,AL,F07,T00,485.00,1056.00,100.00
NE,TX,F05,T00,898.00,748.00,293.00
IA,NY,F05,T00,71.00,72.00,44.00
TN,WI,F05,T00,20.00,18.00,6.00
NC,FL,F05,T00,313.00,342.00,116.00
NJ,NC,F06,T00,10.00,8.00,2.00
CO,OR,F05,T03,49.00,28.00,18.00
KY,NC,F08,T03,50.00,20.00,6.00
CA,NM,F08,T00,48.00,64.00,31.00
IA,IL,F04,T06,59.00,720.00,175.00
MD,NH,F07,T03,20.00,28.00,6.00
NV,MO,F07,T03,179.00,234.00,189.00
FL,KS,F07,T00,24.00,44.00,29.00
IL,KY,F07,T03,677.00,1950.00,298.00
ME,ME,F08,T00,244.00,364.00,7.00
NC,GA,F06,T03,50.00,104.00,20.00
OK,LA,F05,T03,71.00,76.00,27.00
CT,UT,F07,T00,10.00,4.00,5.00
MD,CA,F07,T03,116.00,80.00,110.00
IA,TX,F02,T00,61.00,868.00,412.00
CA,OR,F07,T03,696.00,1306.00,522.00
MD,IN,F05,T03,42.00,20.00,7.00
PA,VA,F05,T03,313.00,214.00,27.00
OK,TX,F07,T03,112.00,230.00,48.00
WV,WV,F07,T03,1172.00,4248.00,80.00
NJ,CO,F07,T03,70.00,48.00,42.00
IA,WI,F04,T03,207.00,1044.00,117.00
OR,WA,F05,T00,485.00,370.00,34.00
ID,CA,F03,T00,120.00,294.00,120.00
TN,VA,F06,T03,100.00,92.00,15.00
WI,MD,F07,T00,238.00,176.00,78.00
IA,OK,F04,T06,34.00,328.00,103.00
CT,CT,F08,T00,1143.00,1184.00,12.00
MS,MA,F05,T03,149.00,190.00,133.00
GA,GA,F08,T03,6715.00,9016.00,202.00
IN,TX,F04,T03,42.00,36.00,22.00
AL,TN,F07,T00,321.00,1032.00,87.00
IL,MN,F06,T03,145.00,452.00,125.00
CA,AZ,F07,T00,1202.00,2414.00,537.00
NE,NE,F05,T03,4861.00,3000.00,121.00
VT,CA,F07,T00,61.00,58.00,87.00
NE,OK,F05,T03,154.00,216.00,52.00
LA,AR,F07,T03,61.00,254.00,43.00
SD,MN,F02,T06,420.00,7518.00,1183.00
PA,PA,F07,T00,12713.00,32010.00,481.00
CA,NM,F08,T03,96.00,128.00,61.00
KY,VA,F07,T03,75.00,148.00,51.00
NY,CT,F08,T00,33.00,68.00,6.00
TN,VA,F05,T00,204.00,172.00,38.00
MN,CO,F05,T03,164.00,176.00,70.00
IL,WI,F06,T03,203.00,568.00,62.00
NH,IL,F07,T03,7.00,8.00,4.00
RI,RI,F07,T00,112.00,458.00,2.00
CO,UT,F08,T00,48.00,120.00,27.00
TN,LA,F09,T00,72.00,6.00,1.00
WY,IL,F07,T06,4.00,16.00,11.00
NE,PA,F05,T00,296.00,152.00,88.00
TX,IA,F05,T00,18.00,82.00,30.00
NH,CT,F07,T03,55.00,90.00,6.00
TX,AZ,F05,T03,256.00,234.00,123.00
PA,FL,F07,T00,228.00,506.00,270.00
CA,AZ,F06,T03,300.00,310.00,65.00
NJ,GA,F06,T03,24.00,20.00,8.00
UT,ID,F07,T00,213.00,300.00,31.00
FL,CA,F07,T03,1371.00,2682.00,3555.00
TN,VA,F06,T00,57.00,50.00,9.00
MI,MI,F06,T00,750.00,540.00,19.00
GA,NC,F07,T00,682.00,1044.00,174.00
NY,LA,F08,T00,16.00,32.00,22.00
MI,IL,F04,T00,16.00,152.00,13.00
IL,IL,F07,T03,11535.00,32920.00,642.00
FL,NC,F07,T03,645.00,892.00,278.00
IA,TX,F06,T03,114.00,240.00,108.00
GA,SC,F04,T03,104.00,572.00,77.00
MI,CA,F07,T00,47.00,136.00,168.00
ID,OH,F03,T00,104.00,604.00,551.00
AL,FL,F09,T03,166.00,54.00,13.00
KY,IL,F07,T03,513.00,804.00,138.00
TN,KY,F03,T03,20.00,20.00,1.00
OK,OK,F05,T03,1612.00,1326.00,50.00
MO,CO,F07,T00,91.00,64.00,24.00
OH,MO,F06,T00,155.00,250.00,70.00
CA,OK,F03,T00,26.00,84.00,65.00
CT,PA,F07,T00,151.00,116.00,19.00
FL,TX,F07,T03,756.00,1122.00,678.00
IL,PA,F07,T03,2344.00,4196.00,1404.00
FL,SC,F05,T00,44.00,30.00,6.00
TX,PA,F07,T00,221.00,450.00,374.00
NH,NJ,F07,T03,57.00,56.00,8.00
NY,IA,F07,T00,71.00,72.00,36.00
CA,IN,F07,T03,138.00,136.00,153.00
TN,FL,F08,T00,185.00,528.00,206.00
OK,CA,F07,T00,46.00,56.00,42.00
CA,IN,F08,T00,28.00,30.00,35.00
ID,OH,F03,T03,189.00,1014.00,919.00
NY,OH,F04,T03,108.00,210.00,28.00
DE,CA,F07,T00,33.00,92.00,134.00
MS,UT,F05,T03,114.00,86.00,75.00
OH,MI,F07,T03,1479.00,2222.00,190.00
ND,ND,F07,T00,588.00,2102.00,108.00
AR,MD,F05,T03,152.00,68.00,41.00
VA,IL,F06,T00,122.00,126.00,47.00
KY,CA,F06,T00,61.00,56.00,61.00
TN,OH,F06,T00,160.00,210.00,55.00
VA,KY,F07,T00,51.00,70.00,13.00
MN,ND,F07,T03,307.00,1370.00,208.00
OH,WI,F07,T03,583.00,928.00,219.00
MO,TX,F07,T00,395.00,392.00,110.00
CA,CA,F08,T03,27405.00,34378.00,1233.00
OH,MN,F07,T00,149.00,226.00,80.00
PA,DE,F06,T00,54.00,42.00,2.00
NC,VA,F07,T00,270.00,542.00,59.00
IA,AZ,F08,T00,68.00,378.00,336.00
PA,DE,F06,T03,95.00,72.00,3.00
OK,FL,F05,T00,30.00,26.00,18.00
FL,GA,F07,T03,563.00,1742.00,286.00
TX,NY,F05,T00,203.00,92.00,75.00
CA,MO,F07,T03,419.00,458.00,416.00
SD,SD,F02,T03,186.00,4794.00,34.00
MO,IA,F07,T00,302.00,1820.00,294.00
CA,WA,F06,T00,167.00,330.00,155.00
FL,MS,F07,T03,46.00,122.00,48.00
MA,FL,F05,T00,72.00,40.00,28.00
MO,OK,F02,T00,120.00,2336.00,313.00
IA,WI,F06,T00,44.00,340.00,67.00
MS,KY,F07,T00,28.00,156.00,42.00
ND,NE,F03,T03,22.00,156.00,32.00
KY,KY,F05,T03,1028.00,1016.00,21.00
CT,RI,F07,T00,34.00,88.00,3.00
IA,PA,F07,T00,320.00,1708.00,849.00
AL,MO,F05,T03,89.00,104.00,31.00
IL,GA,F07,T03,1264.00,1742.00,589.00
IA,OH,F07,T06,137.00,1158.00,376.00
TN,SC,F03,T03,126.00,248.00,68.00
NJ,OH,F08,T03,198.00,440.00,100.00
MN,MN,F02,T06,226.00,4070.00,494.00
NC,NJ,F05,T03,674.00,1020.00,287.00
TN,KY,F07,T00,343.00,540.00,58.00
IN,MI,F06,T00,105.00,186.00,25.00
CA,FL,F08,T03,501.00,472.00,687.00
MS,AL,F05,T00,204.00,214.00,25.00
WI,MN,F08,T03,59.00,204.00,43.00
WI,IL,F08,T00,247.00,814.00,47.00
AR,TX,F05,T03,1310.00,1880.00,349.00
GA,FL,F05,T03,822.00,730.00,162.00
LA,CA,F07,T00,30.00,58.00,55.00
NJ,PA,F07,T00,1497.00,3126.00,195.00
VA,NY,F05,T03,147.00,236.00,48.00
NY,VA,F08,T03,109.00,242.00,48.00
AR,KY,F05,T00,72.00,54.00,18.00
TN,SC,F07,T03,335.00,802.00,150.00
NJ,VA,F07,T03,176.00,350.00,51.00
CA,TX,F08,T00,260.00,280.00,234.00
TX,AR,F06,T03,8.00,24.00,2.00
NE,IL,F05,T03,2832.00,1724.00,468.00
ND,PA,F04,T00,5.00,26.00,18.00
MO,IA,F07,T03,35.00,168.00,18.00
NC,NY,F03,T00,9.00,14.00,4.00
UT,NV,F07,T03,257.00,516.00,94.00
NY,CT,F07,T03,434.00,782.00,95.00
CA,MO,F07,T00,224.00,308.00,286.00
TX,OK,F07,T00,482.00,744.00,90.00
ID,WA,F07,T00,211.00,440.00,125.00
AR,PA,F05,T03,302.00,192.00,97.00
TX,TX,F05,T03,2123.00,1682.00,230.00
CA,CO,F07,T03,416.00,1154.00,682.00
SD,IA,F01,T00,121.00,170.00,15.00
AR,WA,F05,T03,95.00,48.00,51.00
MO,MI,F07,T03,142.00,322.00,81.00
AR,KY,F07,T03,27.00,126.00,13.00
AL,PA,F05,T00,58.00,60.00,25.00
WI,MN,F07,T03,3013.00,3610.00,447.00
ND,TX,F07,T00,76.00,340.00,229.00
OH,PA,F05,T03,70.00,50.00,4.00
HI,HI,F06,T03,130.00,218.00,1.00
AL,VA,F05,T03,34.00,40.00,16.00
IA,CA,F05,T00,486.00,338.00,306.00
SD,SD,F03,T03,326.00,3830.00,136.00
AZ,PA,F07,T00,10.00,6.00,6.00
FL,MN,F07,T03,193.00,286.00,232.00
MO,OR,F07,T03,88.00,110.00,109.00
NJ,OH,F08,T00,99.00,220.00,50.00
NY,OH,F04,T00,108.00,210.00,28.00
WA,WA,F07,T03,6614.00,11840.00,399.00
WA,UT,F07,T03,49.00,100.00,35.00
OK,CA,F07,T03,92.00,112.00,84.00
MO,PA,F05,T03,56.00,64.00,32.00
IA,MN,F05,T00,116.00,154.00,20.00
NC,NC,F06,T03,27.00,94.00,4.00
TX,OH,F07,T00,178.00,374.00,201.00
IA,TX,F06,T00,58.00,146.00,67.00
MA,FL,F05,T03,144.00,80.00,56.00
CA,OR,F05,T03,175.00,136.00,57.00
PA,WV,F07,T03,418.00,460.00,28.00
MS,MS,F07,T00,1455.00,4780.00,205.00
ME,MA,F07,T03,33.00,126.00,8.00
KY,FL,F07,T03,156.00,304.00,126.00
LA,AL,F05,T00,11.00,8.00,2.00
KS,OK,F05,T00,190.00,194.00,29.00
TX,NY,F05,T03,406.00,184.00,150.00
VA,VA,F08,T00,1077.00,1720.00,70.00
OK,LA,F02,T07,174.00,2776.00,1238.00
MD,MD,F08,T00,956.00,1368.00,16.00
TN,TN,F03,T03,1481.00,2068.00,38.00
SD,WA,F03,T06,29.00,368.00,323.00
IA,IL,F07,T06,285.00,2684.00,666.00
MO,OH,F06,T00,92.00,128.00,39.00
KS,IN,F05,T03,200.00,124.00,54.00
AL,PA,F05,T03,113.00,118.00,50.00
CA,WI,F07,T03,680.00,932.00,1010.00
NC,PA,F05,T03,783.00,766.00,161.00
GA,OH,F08,T03,78.00,188.00,68.00
WA,GA,F07,T00,41.00,144.00,193.00
FL,FL,F07,T03,18611.00,52196.00,1656.00
TN,CA,F06,T00,113.00,164.00,158.00
CO,KS,F07,T00,13.00,56.00,9.00
OR,CA,F05,T00,495.00,322.00,137.00
VA,VA,F02,T00,64.00,1428.00,41.00
IL,MO,F06,T03,259.00,636.00,87.00
NC,NC,F08,T03,2464.00,4552.00,99.00
VT,VT,F07,T00,732.00,1764.00,40.00
IA,IA,F04,T03,425.00,4078.00,132.00
CA,IN,F08,T03,54.00,52.00,58.00
FL,LA,F05,T00,93.00,68.00,19.00
NY,MO,F07,T03,256.00,430.00,207.00
NJ,NY,F05,T03,474.00,466.00,8.00
WA,OR,F05,T03,192.00,114.00,10.00
MS,MS,F07,T06,47.00,548.00,65.00
SC,VA,F07,T03,25.00,60.00,9.00
ID,IL,F07,T00,203.00,654.00,536.00
KS,MI,F06,T00,38.00,110.00,39.00
KS,CA,F07,T00,30.00,196.00,166.00
GA,MA,F05,T03,59.00,58.00,32.00
SD,SD,F01,T00,240.00,326.00,4.00
CT,CT,F06,T03,262.00,174.00,2.00
OK,OK,F07,T03,56.00,490.00,27.00
OK,TN,F07,T03,10.00,16.00,4.00
TX,TN,F05,T03,167.00,110.00,43.00
AR,MD,F08,T03,30.00,8.00,6.00
FL,NC,F04,T03,12.00,190.00,64.00
ND,WA,F07,T00,26.00,374.00,302.00
IA,OH,F06,T03,36.00,92.00,26.00
IA,IN,F06,T03,194.00,164.00,32.00
TN,SC,F03,T00,63.00,124.00,34.00
IA,MO,F04,T06,39.00,516.00,148.00
CA,ID,F08,T00,40.00,74.00,28.00
PA,NC,F07,T03,161.00,532.00,121.00
NY,IA,F07,T03,142.00,144.00,72.00
CT,CT,F08,T03,2286.00,2368.00,24.00
MN,IL,F05,T03,541.00,638.00,149.00
WI,MN,F06,T00,121.00,182.00,29.00
CA,MN,F03,T00,142.00,334.00,334.00
TN,GA,F03,T00,161.00,280.00,58.00
MO,OH,F05,T00,34.00,42.00,12.00
VA,MD,F05,T00,181.00,366.00,23.00
NM,IL,F07,T03,56.00,48.00,32.00
NE,MD,F05,T00,116.00,36.00,24.00
FL,FL,F07,T00,9381.00,26396.00,852.00
CA,KY,F06,T00,76.00,32.00,36.00
OH,AL,F06,T03,103.00,188.00,56.00
ID,MI,F03,T03,116.00,272.00,240.00
NE,IN,F05,T03,648.00,376.00,132.00
KS,TX,F05,T03,2222.00,1818.00,556.00
PA,CT,F07,T03,326.00,216.00,34.00
MI,WI,F07,T00,175.00,364.00,63.00
MN,LA,F02,T00,1437.00,35470.00,29445.00
VA,SC,F07,T03,188.00,418.00,61.00
NJ,NC,F06,T03,10.00,8.00,2.00
NY,TN,F08,T03,47.00,128.00,53.00
CA,AZ,F08,T03,278.00,516.00,146.00
AR,NE,F05,T00,232.00,134.00,31.00
PA,FL,F07,T03,456.00,1012.00,540.00
TN,MS,F07,T03,188.00,516.00,46.00
ID,IA,F07,T03,16.00,36.00,24.00
SC,KS,F07,T03,42.00,14.00,8.00
MS,MA,F05,T00,78.00,98.00,69.00
WI,MO,F07,T03,319.00,498.00,111.00
MO,FL,F07,T00,124.00,176.00,91.00
NE,PA,F05,T03,592.00,304.00,176.00
IL,PA,F07,T00,1376.00,3654.00,1336.00
NV,NJ,F07,T00,31.00,16.00,19.00
IL,NC,F07,T03,61.00,68.00,28.00
AK,AK,F05,T11,12.00,4.00,1.00
WI,IL,F06,T03,213.00,222.00,12.00
VA,VA,F04,T00,114.00,1000.00,38.00
GA,NC,F05,T03,255.00,170.00,35.00
PA,NY,F06,T03,516.00,600.00,58.00
IL,AL,F07,T06,103.00,1052.00,343.00
VA,NY,F03,T00,28.00,90.00,28.00
NJ,VA,F06,T03,91.00,96.00,14.00
MS,LA,F07,T03,220.00,550.00,52.00
VA,DE,F05,T03,349.00,318.00,30.00
CA,FL,F08,T00,379.00,380.00,569.00
TN,OH,F06,T03,246.00,284.00,75.00
OH,KY,F03,T03,19.00,16.00,2.00
LA,LA,F02,T00,8494.00,183410.00,2852.00
OH,SC,F06,T00,105.00,204.00,52.00
NE,NE,F05,T00,2461.00,1534.00,62.00
SC,TX,F05,T03,55.00,62.00,31.00
CA,FL,F06,T03,100.00,168.00,218.00
NE,WA,F05,T03,280.00,188.00,146.00
NJ,PA,F05,T00,50.00,34.00,2.00
IA,AZ,F05,T03,106.00,112.00,86.00
IL,NJ,F07,T03,358.00,410.00,167.00
OR,WA,F03,T03,148.00,346.00,34.00
WA,OR,F07,T03,590.00,1134.00,105.00
AR,LA,F05,T03,154.00,188.00,30.00
KY,KY,F07,T00,992.00,3362.00,75.00
MA,NH,F07,T03,41.00,78.00,2.00
IL,OH,F07,T06,110.00,994.00,199.00
NH,IL,F07,T00,7.00,8.00,4.00
MI,TN,F07,T03,54.00,146.00,45.00
CO,WA,F05,T03,204.00,116.00,72.00
VA,NC,F03,T00,342.00,218.00,15.00
OK,OR,F05,T00,26.00,38.00,35.00
CT,VT,F07,T00,15.00,16.00,1.00
OK,CA,F05,T03,236.00,258.00,182.00
RI,RI,F07,T03,223.00,912.00,4.00
NC,TN,F07,T03,219.00,366.00,57.00
IN,OH,F04,T00,27.00,204.00,13.00
NY,NJ,F07,T03,684.00,872.00,72.00
IA,IL,F08,T03,164.00,924.00,76.00
AR,IA,F05,T03,22.00,26.00,7.00
ID,IL,F03,T00,132.00,472.00,364.00
NH,NH,F08,T03,678.00,1210.00,13.00
KS,MA,F06,T03,28.00,36.00,26.00
NC,NJ,F07,T00,191.00,194.00,56.00
IL,IN,F06,T03,359.00,784.00,67.00
ND,ND,F04,T03,65.00,660.00,46.00
CA,CO,F06,T00,130.00,286.00,177.00
IL,MO,F07,T00,375.00,1144.00,129.00
FL,PA,F07,T03,245.00,412.00,221.00
NY,OH,F07,T00,413.00,588.00,102.00
PA,AL,F06,T00,48.00,80.00,34.00
AL,IL,F05,T03,50.00,70.00,26.00
VT,CA,F07,T03,122.00,116.00,174.00
OH,SC,F06,T03,105.00,204.00,52.00
CO,CO,F08,T00,2128.00,3758.00,52.00
TX,AL,F06,T03,16.00,14.00,6.00
TX,CO,F05,T00,210.00,134.00,42.00
ND,SD,F06,T00,45.00,76.00,9.00
PA,OH,F05,T03,17.00,14.00,3.00
CA,MN,F03,T03,142.00,334.00,334.00
IA,WV,F06,T03,10.00,120.00,46.00
OR,CA,F04,T00,109.00,960.00,384.00
AR,CA,F05,T00,417.00,632.00,524.00
IA,WI,F04,T00,139.00,682.00,81.00
NE,FL,F05,T03,738.00,454.00,346.00
CA,TN,F07,T03,90.00,342.00,392.00
MD,NJ,F05,T00,64.00,68.00,7.00
OH,GA,F06,T03,186.00,280.00,82.00
MD,IN,F05,T00,42.00,20.00,7.00
WV,MD,F05,T03,6.00,8.00,1.00
MD,IL,F07,T00,96.00,172.00,67.00
IN,IN,F08,T00,227.00,398.00,13.00
CA,NM,F07,T03,24.00,52.00,28.00
TN,NY,F07,T00,68.00,88.00,48.00
LA,TX,F05,T00,33.00,48.00,11.00
MI,MD,F07,T03,17.00,40.00,13.00
KY,NY,F07,T03,141.00,354.00,144.00
TX,TN,F07,T03,18.00,44.00,17.00
CT,CT,F05,T03,461.00,206.00,2.00
FL,KS,F07,T03,24.00,44.00,29.00
WI,MA,F07,T00,153.00,120.00,70.00
ID,ID,F02,T03,46.00,726.00,15.00
NJ,DE,F07,T03,32.00,40.00,1.00
KS,KS,F07,T00,1155.00,4726.00,220.00
WV,NJ,F05,T00,21.00,32.00,5.00
CA,NJ,F08,T03,346.00,384.00,556.00
IL,IN,F06,T00,359.00,784.00,67.00
TN,IL,F07,T03,769.00,558.00,140.00
KY,NY,F05,T00,38.00,22.00,8.00
OH,AL,F06,T00,53.00,98.00,29.00
TN,VA,F07,T03,265.00,582.00,128.00
TX,AL,F06,T00,9.00,8.00,3.00
TX,MA,F05,T03,302.00,184.00,170.00
CT,FL,F07,T03,59.00,56.00,36.00
NE,MD,F05,T03,232.00,72.00,48.00
AR,TN,F05,T03,65.00,42.00,10.00
OH,OH,F05,T03,931.00,496.00,10.00
OH,IN,F08,T03,327.00,968.00,94.00
UT,TX,F06,T00,57.00,46.00,32.00
IA,PA,F07,T06,93.00,1180.00,620.00
VA,VA,F02,T03,116.00,2592.00,56.00
WA,NY,F08,T00,17.00,10.00,13.00
TN,WI,F07,T00,37.00,58.00,22.00
KS,OK,F07,T06,27.00,294.00,40.00
OH,MN,F06,T03,152.00,224.00,85.00
TN,SC,F06,T03,159.00,130.00,19.00
PA,NJ,F05,T03,129.00,86.00,2.00
VA,SC,F07,T00,120.00,288.00,39.00
WI,SD,F08,T03,48.00,172.00,46.00
MO,AR,F06,T06,13.00,68.00,20.00
KY,VA,F08,T00,33.00,20.00,6.00
TN,PA,F06,T03,313.00,432.00,191.00
MO,CA,F07,T06,63.00,264.00,241.00
IL,IN,F07,T00,800.00,2566.00,192.00
ND,CA,F07,T00,38.00,200.00,242.00
AR,MD,F08,T00,15.00,4.00,3.00
AR,OK,F07,T00,108.00,428.00,48.00
CO,WI,F05,T00,95.00,64.00,33.00
MD,CT,F06,T00,58.00,24.00,3.00
MS,TN,F06,T00,142.00,502.00,40.00
MO,OH,F07,T03,68.00,52.00,17.00
IL,PA,F06,T00,425.00,688.00,234.00
NE,MN,F05,T00,213.00,112.00,23.00
CA,CA,F03,T03,37938.00,63992.00,2526.00
PA,CT,F07,T00,163.00,108.00,17.00
WI,FL,F07,T00,278.00,278.00,188.00
LA,LA,F05,T03,7.00,10.00,1.00
IL,NC,F07,T00,205.00,1178.00,524.00
FL,FL,F08,T00,6443.00,7966.00,312.00
ID,WI,F07,T03,310.00,350.00,276.00
NV,NV,F05,T00,435.00,322.00,2.00
NY,DE,F07,T00,34.00,38.00,5.00
CA,TX,F07,T00,921.00,1376.00,1050.00
KY,IA,F07,T03,58.00,90.00,24.00
KS,NC,F05,T03,760.00,228.00,148.00
KS,PA,F05,T00,178.00,110.00,70.00
IL,NJ,F07,T00,201.00,218.00,89.00
NY,FL,F05,T03,88.00,28.00,16.00
MN,ND,F05,T00,36.00,46.00,9.00
MO,NY,F07,T03,95.00,104.00,53.00
MO,MN,F07,T00,66.00,146.00,38.00
MN,PA,F05,T03,88.00,96.00,50.00
NC,GA,F05,T03,439.00,702.00,117.00
TN,GA,F07,T03,1651.00,3168.00,396.00
HI,HI,F07,T03,1325.00,2486.00,20.00
IA,GA,F06,T00,85.00,262.00,130.00
NC,NJ,F07,T03,382.00,388.00,112.00
ID,MO,F07,T03,321.00,316.00,221.00
CA,CO,F07,T00,232.00,612.00,361.00
AL,MS,F07,T03,491.00,804.00,70.00
NC,NC,F07,T06,78.00,546.00,38.00
GA,AL,F08,T00,218.00,600.00,61.00
NC,NC,F09,T03,6556.00,226.00,1.00
ND,OK,F04,T06,8.00,110.00,63.00
OH,NC,F04,T00,94.00,566.00,177.00
TX,NM,F08,T00,44.00,164.00,50.00
WA,WI,F07,T03,90.00,208.00,190.00
LA,AL,F05,T03,22.00,16.00,4.00
GA,KY,F07,T00,63.00,160.00,40.00
CA,OR,F07,T00,710.00,1352.00,542.00
LA,SC,F07,T03,36.00,94.00,38.00
AR,MS,F05,T00,203.00,210.00,40.00
NJ,VA,F07,T00,119.00,216.00,30.00
ND,NY,F04,T00,4.00,20.00,14.00
WI,GA,F05,T03,106.00,82.00,35.00
IA,IL,F06,T03,604.00,430.00,47.00
IA,KS,F07,T03,49.00,218.00,40.00
SD,WA,F03,T00,29.00,368.00,323.00
MN,LA,F05,T03,88.00,96.00,60.00
NJ,VA,F06,T00,53.00,54.00,8.00
WI,WI,F07,T00,9575.00,16106.00,681.00
MN,OH,F05,T00,353.00,280.00,105.00
WY,IL,F07,T00,14.00,48.00,26.00
OK,SC,F05,T03,25.00,18.00,10.00
ID,AZ,F03,T00,22.00,70.00,33.00
TN,KY,F07,T03,687.00,1080.00,116.00
NJ,PA,F06,T03,359.00,464.00,28.00
IA,MS,F05,T03,74.00,68.00,22.00
NJ,PA,F06,T00,359.00,464.00,28.00
WI,MN,F07,T00,1524.00,1820.00,226.00
NY,NC,F08,T00,16.00,38.00,13.00
WI,IA,F06,T03,25.00,20.00,2.00
GA,ME,F05,T00,14.00,18.00,10.00
MI,PA,F06,T03,242.00,276.00,86.00
NM,OK,F07,T03,46.00,68.00,16.00
MA,GA,F07,T00,64.00,124.00,68.00
NE,AZ,F05,T03,136.00,164.00,102.00
OH,PA,F07,T03,1832.00,4574.00,652.00
NH,ME,F07,T00,86.00,238.00,23.00
MD,TN,F07,T00,29.00,30.00,8.00
UT,NV,F07,T00,143.00,318.00,60.00
KY,TX,F07,T03,366.00,490.00,237.00
ND,PA,F04,T03,10.00,52.00,36.00
AL,MD,F05,T00,78.00,78.00,34.00
MS,KS,F01,T00,43.00,44.00,19.00
ID,TX,F03,T03,103.00,462.00,361.00
AK,WA,F08,T00,16.00,36.00,8.00
WI,PA,F07,T03,589.00,772.00,312.00
IA,NY,F04,T03,136.00,360.00,116.00
VA,TN,F07,T00,112.00,174.00,18.00
UT,CO,F06,T03,8.00,8.00,2.00
NH,GA,F05,T00,5.00,2.00,1.00
WI,MO,F07,T00,319.00,498.00,111.00
NY,PA,F08,T00,189.00,506.00,73.00
TX,LA,F08,T00,182.00,494.00,72.00
WY,WY,F07,T03,148.00,458.00,20.00
MI,WI,F07,T03,347.00,722.00,125.00
SC,FL,F05,T03,155.00,188.00,46.00
VT,ME,F04,T00,9.00,46.00,6.00
NE,MI,F05,T00,527.00,310.00,124.00
VA,IL,F06,T03,227.00,210.00,80.00
WI,KY,F07,T03,541.00,686.00,194.00
MA,PA,F07,T03,343.00,644.00,101.00
ND,MI,F07,T00,22.00,136.00,66.00
NH,MA,F07,T03,198.00,484.00,18.00
CA,GA,F03,T00,69.00,88.00,102.00
ND,CA,F03,T00,14.00,42.00,39.00
MI,AL,F07,T00,51.00,166.00,63.00
IL,OK,F07,T00,118.00,222.00,74.00
OK,AR,F07,T03,92.00,358.00,30.00
IL,MO,F06,T00,150.00,370.00,50.00
OR,HI,F04,T00,14.00,156.00,212.00
GA,GA,F04,T03,214.00,1606.00,110.00
CA,IL,F03,T03,748.00,914.00,950.00
CA,OR,F08,T00,127.00,312.00,120.00
OH,WI,F08,T00,42.00,118.00,29.00
IA,MN,F05,T03,231.00,308.00,40.00
GA,MS,F08,T00,89.00,224.00,44.00
KS,WA,F05,T00,84.00,58.00,54.00
MN,NE,F05,T03,350.00,508.00,66.00
TN,TN,F08,T03,1708.00,2636.00,81.00
AZ,CA,F05,T03,674.00,456.00,90.00
IA,IL,F04,T03,186.00,780.00,70.00
NH,CT,F07,T00,36.00,72.00,5.00
NH,MA,F08,T00,230.00,616.00,18.00
MI,NC,F07,T00,46.00,178.00,64.00
TX,NY,F07,T00,70.00,72.00,55.00
CO,MN,F07,T03,34.00,36.00,16.00
KY,CA,F07,T03,169.00,174.00,191.00
IA,NY,F04,T00,105.00,622.00,282.00
MO,NY,F06,T03,48.00,148.00,85.00
IN,OH,F05,T03,265.00,316.00,30.00
CA,HI,F07,T00,116.00,144.00,186.00
FL,MS,F05,T00,30.00,30.00,9.00
WA,VA,F08,T00,6.00,4.00,5.00
NY,SC,F07,T00,50.00,98.00,37.00
AL,TN,F05,T03,282.00,272.00,49.00
FL,FL,F08,T03,12885.00,15932.00,624.00
IA,TN,F07,T06,116.00,862.00,351.00
ND,CA,F04,T00,33.00,478.00,485.00
MI,MI,F05,T00,434.00,344.00,12.00
IN,TN,F07,T03,159.00,228.00,50.00
OH,MA,F07,T00,86.00,194.00,75.00
DE,PA,F05,T00,162.00,314.00,31.00
VA,NY,F03,T03,56.00,180.00,56.00
IN,IN,F05,T00,238.00,180.00,4.00
MS,TX,F05,T00,185.00,170.00,45.00
FL,FL,F06,T03,4529.00,5332.00,148.00
PA,TX,F07,T00,159.00,136.00,101.00
CA,CO,F06,T03,233.00,334.00,201.00
CA,KS,F07,T00,69.00,98.00,82.00
CA,AZ,F07,T03,1871.00,3616.00,817.00
NY,WI,F07,T03,187.00,316.00,124.00
DE,VA,F05,T03,11.00,26.00,3.00
OK,OR,F05,T03,26.00,38.00,35.00
GA,GA,F08,T00,3358.00,4508.00,101.00
NC,WV,F07,T00,40.00,166.00,20.00
ND,MN,F03,T03,31.00,122.00,14.00
AR,GA,F05,T03,272.00,392.00,132.00
NC,IL,F09,T03,114.00,8.00,4.00
NV,OR,F07,T03,8.00,12.00,6.00
NE,NE,F07,T03,1221.00,3076.00,98.00
MI,MN,F07,T00,71.00,200.00,60.00
GA,MI,F05,T00,191.00,244.00,86.00
ND,MO,F07,T00,20.00,100.00,46.00
TX,GA,F07,T03,151.00,358.00,144.00
TN,LA,F09,T03,122.00,10.00,2.00
CT,UT,F07,T03,20.00,8.00,10.00
IA,WI,F05,T03,596.00,712.00,98.00
MI,PA,F07,T03,637.00,696.00,184.00
WI,WI,F05,T03,199.00,182.00,3.00
AL,NC,F05,T00,141.00,124.00,34.00
CA,MA,F08,T00,80.00,84.00,130.00
CA,NY,F07,T03,225.00,716.00,1005.00
UT,MS,F07,T03,26.00,92.00,76.00
ND,IA,F07,T06,38.00,218.00,71.00
NM,MO,F07,T03,66.00,64.00,24.00
ND,MA,F07,T06,9.00,64.00,54.00
AR,AR,F07,T03,53.00,156.00,5.00
KS,TX,F01,T03,6.00,20.00,2.00
MI,GA,F07,T00,106.00,80.00,34.00
TX,FL,F07,T03,790.00,786.00,422.00
OH,NE,F06,T00,33.00,44.00,17.00
TN,TN,F05,T03,1662.00,1470.00,66.00
ND,WI,F02,T00,183.00,3618.00,755.00
NE,MO,F05,T03,888.00,448.00,100.00
LA,LA,F07,T00,2063.00,7954.00,185.00
ID,PA,F07,T03,62.00,94.00,101.00
KY,IN,F07,T03,458.00,984.00,76.00
OH,MO,F07,T03,178.00,370.00,112.00
KY,VA,F08,T03,64.00,40.00,12.00
IN,FL,F04,T00,4.00,14.00,7.00
NY,PA,F07,T03,1747.00,3222.00,368.00
TN,AL,F07,T03,682.00,1554.00,137.00
MT,MT,F07,T00,335.00,1076.00,27.00
DE,MO,F05,T00,9.00,42.00,23.00
IN,IL,F04,T03,107.00,450.00,33.00
IN,PA,F06,T03,282.00,772.00,250.00
MO,MD,F05,T00,11.00,6.00,3.00
KS,FL,F05,T03,490.00,232.00,176.00
MA,NY,F05,T00,743.00,284.00,34.00
OH,CA,F06,T06,55.00,114.00,142.00
CA,TX,F08,T03,347.00,288.00,247.00
IA,OK,F05,T00,142.00,152.00,48.00
IL,MI,F07,T00,425.00,1084.00,159.00
WA,AZ,F07,T00,45.00,110.00,74.00
DE,DE,F08,T03,754.00,932.00,10.00
IL,LA,F02,T07,3318.00,79176.00,48108.00
CA,OK,F08,T03,100.00,92.00,72.00
LA,FL,F07,T00,26.00,54.00,22.00
KY,IL,F07,T00,307.00,514.00,87.00
OK,LA,F05,T00,43.00,46.00,16.00
MI,PA,F07,T00,415.00,512.00,156.00
GA,TN,F08,T03,284.00,924.00,110.00
IL,KY,F07,T00,403.00,1486.00,213.00
NY,AL,F07,T03,34.00,48.00,22.00
TX,KS,F05,T00,77.00,72.00,22.00
KY,FL,F08,T00,76.00,42.00,18.00
MI,IL,F04,T03,31.00,300.00,26.00
CA,IL,F08,T03,351.00,282.00,295.00
AL,TN,F05,T00,145.00,140.00,25.00
VT,NY,F07,T03,108.00,214.00,27.00
NC,PA,F07,T03,400.00,598.00,147.00
WA,CA,F05,T00,491.00,254.00,111.00
NH,NH,F08,T00,357.00,650.00,7.00
WV,VA,F05,T00,33.00,80.00,4.00
MT,NJ,F07,T06,8.00,36.00,35.00
NH,PA,F07,T03,39.00,48.00,10.00
AR,TX,F05,T00,655.00,940.00,174.00
IN,FL,F04,T03,4.00,14.00,7.00
SC,NY,F05,T00,87.00,96.00,35.00
ND,IN,F07,T00,12.00,60.00,26.00
DE,NJ,F07,T03,29.00,126.00,5.00
KY,IN,F07,T00,332.00,774.00,59.00
IL,MI,F06,T00,212.00,580.00,76.00
IA,IA,F07,T03,2274.00,12208.00,366.00
NJ,NJ,F07,T00,3742.00,6768.00,114.00
GA,PA,F07,T03,25.00,50.00,18.00
IL,IA,F01,T00,8.00,32.00,6.00
MN,GA,F06,T06,27.00,236.00,168.00
IN,MD,F07,T00,134.00,554.00,199.00
CO,AL,F07,T00,12.00,6.00,4.00
MA,MA,F06,T03,848.00,1324.00,26.00
CA,IL,F07,T00,405.00,844.00,924.00
NM,TX,F07,T03,437.00,762.00,104.00
IA,TX,F04,T06,39.00,478.00,272.00
MI,MI,F05,T03,512.00,436.00,16.00
IA,IA,F05,T00,1295.00,1390.00,54.00
MO,TX,F02,T00,509.00,10770.00,3649.00
CA,MT,F08,T03,27.00,54.00,30.00
MN,FL,F05,T00,286.00,242.00,199.00
ID,UT,F07,T00,333.00,570.00,73.00
AL,FL,F09,T00,96.00,32.00,7.00
KS,NY,F05,T03,528.00,260.00,196.00
ND,MN,F04,T00,30.00,294.00,33.00
NY,OH,F08,T00,77.00,202.00,42.00
WA,WA,F08,T00,1348.00,1644.00,42.00
IN,TX,F06,T03,183.00,412.00,234.00
ND,ND,F04,T06,16.00,196.00,26.00
ID,WA,F07,T03,204.00,430.00,121.00
NH,MA,F07,T00,99.00,242.00,9.00
MA,NJ,F05,T00,197.00,86.00,12.00
TX,TX,F07,T00,7085.00,18474.00,1129.00
OH,KY,F07,T03,206.00,422.00,42.00
IA,LA,F07,T00,286.00,1898.00,1108.00
NY,MN,F08,T00,79.00,248.00,140.00
MN,WI,F04,T03,117.00,1646.00,141.00
WI,MD,F07,T03,425.00,314.00,138.00
IL,CA,F07,T03,1606.00,2418.00,2475.00
NC,CA,F05,T03,76.00,88.00,118.00
CT,GA,F07,T03,66.00,40.00,20.00
MS,FL,F05,T03,298.00,308.00,108.00
WA,CA,F07,T00,817.00,1234.00,606.00
AZ,CA,F05,T00,337.00,228.00,45.00
AK,CA,F05,T00,16.00,4.00,8.00
KS,KY,F05,T03,64.00,62.00,28.00
IA,MI,F04,T03,108.00,326.00,69.00
UT,ID,F06,T03,174.00,544.00,48.00
FL,GA,F05,T03,515.00,454.00,71.00
DE,CA,F05,T03,38.00,104.00,140.00
IN,IN,F07,T00,3972.00,14452.00,319.00
KS,TX,F07,T00,241.00,1954.00,567.00
MO,NJ,F06,T03,30.00,96.00,55.00
GA,SC,F05,T00,563.00,310.00,37.00
GA,FL,F08,T03,344.00,1080.00,236.00
CA,OH,F03,T03,91.00,128.00,155.00
MN,OH,F06,T00,79.00,360.00,144.00
TX,TX,F08,T03,14494.00,20464.00,1001.00
FL,CA,F07,T00,710.00,1384.00,1840.00
FL,MS,F05,T03,43.00,44.00,14.00
PA,PA,F06,T03,3654.00,4068.00,153.00
UT,TX,F06,T03,114.00,92.00,64.00
FL,NY,F07,T00,192.00,650.00,481.00
IN,OH,F05,T00,176.00,220.00,19.00
GA,NC,F08,T03,80.00,248.00,42.00
TX,GA,F05,T03,430.00,360.00,176.00
MO,IL,F05,T00,189.00,210.00,39.00
NE,OK,F05,T00,77.00,108.00,26.00
ND,ND,F07,T06,114.00,672.00,70.00
NY,MN,F07,T03,52.00,64.00,32.00
TN,NC,F07,T03,532.00,1448.00,179.00
MA,PA,F07,T00,190.00,344.00,55.00
CA,PA,F08,T00,175.00,220.00,316.00
VA,VA,F07,T03,4559.00,14836.00,384.00
ND,WI,F04,T03,3.00,58.00,9.00
PA,MD,F06,T00,390.00,398.00,28.00
NE,AZ,F05,T00,68.00,82.00,51.00
IN,NY,F05,T03,28.00,40.00,13.00
CA,NJ,F07,T03,300.00,632.00,914.00
MA,NY,F07,T03,30.00,96.00,12.00
OR,FL,F07,T00,17.00,66.00,101.00
NH,ME,F07,T03,172.00,476.00,46.00
NV,NV,F05,T03,870.00,644.00,4.00
IA,TX,F04,T00,42.00,502.00,282.00
ND,FL,F03,T03,36.00,96.00,88.00
KS,OH,F05,T03,251.00,272.00,136.00
WI,FL,F07,T03,556.00,556.00,376.00
NY,MS,F07,T03,31.00,98.00,49.00
AK,AK,F08,T00,14.00,16.00,6.00
MO,FL,F06,T00,31.00,126.00,73.00
IL,PA,F06,T03,806.00,1008.00,327.00
AL,AZ,F05,T03,20.00,12.00,10.00
OR,WA,F04,T03,292.00,3014.00,224.00
NY,GA,F07,T00,149.00,224.00,106.00
ME,ME,F06,T03,49.00,68.00,4.00
CT,FL,F07,T00,31.00,30.00,19.00
NM,NM,F08,T00,608.00,862.00,30.00
NE,NY,F05,T03,1081.00,512.00,331.00
TX,OK,F06,T03,15.00,30.00,3.00
MO,IL,F05,T03,189.00,210.00,39.00
ND,VA,F04,T00,2.00,18.00,13.00
OH,IA,F07,T03,168.00,246.00,68.00
NC,VA,F05,T03,227.00,374.00,33.00
NE,NE,F08,T03,666.00,946.00,18.00
VA,TN,F07,T03,112.00,174.00,18.00
IA,MD,F07,T00,74.00,480.00,265.00
IA,IL,F05,T03,392.00,352.00,59.00
KY,PA,F06,T00,51.00,36.00,10.00
WI,TX,F07,T03,125.00,80.00,48.00
GA,OH,F07,T03,32.00,94.00,33.00
MD,DC,F07,T03,301.00,116.00,2.00
MI,MI,F07,T03,1826.00,5374.00,226.00
WA,WI,F07,T00,47.00,108.00,99.00
SD,SD,F03,T00,173.00,2054.00,71.00
IN,TX,F07,T00,86.00,168.00,88.00
NH,NC,F07,T00,6.00,10.00,4.00
NM,OK,F07,T00,23.00,34.00,8.00
NC,MA,F03,T00,12.00,24.00,7.00
KY,MS,F07,T00,9.00,58.00,14.00
NM,TX,F07,T00,248.00,422.00,56.00
TN,AL,F06,T00,183.00,272.00,38.00
CA,CA,F05,T00,14943.00,12202.00,401.00
GA,AL,F05,T03,803.00,716.00,72.00
NY,MA,F08,T00,77.00,176.00,25.00
NV,NV,F06,T00,237.00,256.00,1.00
GA,FL,F08,T00,248.00,780.00,173.00
VA,NC,F08,T06,59.00,152.00,20.00
WI,IL,F07,T03,1126.00,2354.00,225.00
ND,MT,F04,T00,14.00,194.00,63.00
IA,MO,F04,T00,110.00,1174.00,202.00
NM,NM,F08,T03,1212.00,1712.00,60.00
NV,NV,F06,T03,237.00,256.00,1.00
ID,AZ,F03,T03,44.00,138.00,66.00
AR,FL,F05,T03,117.00,128.00,60.00
NY,NC,F07,T00,190.00,284.00,93.00
TX,AR,F08,T00,70.00,170.00,33.00
MT,MT,F08,T03,449.00,692.00,10.00
AL,AL,F08,T03,1766.00,3100.00,34.00
KS,TX,F07,T03,326.00,2288.00,540.00
NV,GA,F07,T00,99.00,64.00,64.00
ND,CA,F07,T06,37.00,198.00,240.00
TX,SC,F06,T03,18.00,72.00,40.00
SC,IN,F07,T00,49.00,22.00,7.00
ND,LA,F07,T00,36.00,222.00,186.00
IN,LA,F02,T07,260.00,6280.00,3186.00
OH,NY,F07,T06,24.00,274.00,69.00
IL,MS,F01,T03,8.00,28.00,6.00
MA,MD,F07,T00,65.00,124.00,24.00
NJ,FL,F07,T03,543.00,964.00,538.00
OR,CA,F07,T03,796.00,994.00,390.00
NY,NJ,F06,T03,209.00,222.00,13.00
DE,TX,F07,T03,58.00,192.00,146.00
KS,SC,F05,T00,116.00,66.00,45.00
OH,MI,F04,T03,76.00,394.00,39.00
AR,OK,F07,T03,161.00,700.00,78.00
IL,AR,F05,T00,10.00,14.00,3.00
VA,GA,F03,T00,170.00,372.00,112.00
IL,LA,F03,T00,1336.00,15236.00,8746.00
IN,IL,F07,T00,1025.00,2778.00,149.00
LA,MO,F07,T03,1808.00,1144.00,482.00
AR,UT,F05,T00,137.00,86.00,57.00
CO,FL,F07,T03,22.00,20.00,18.00
MD,NC,F07,T00,170.00,194.00,33.00
OR,WA,F07,T00,927.00,2330.00,179.00
CA,SC,F03,T00,216.00,348.00,470.00
IA,IA,F06,T00,367.00,1154.00,16.00
TN,NY,F06,T00,22.00,18.00,8.00
MO,MA,F07,T00,26.00,18.00,11.00
HI,CA,F07,T00,118.00,280.00,372.00
OK,UT,F05,T00,16.00,16.00,9.00
ID,GA,F07,T03,25.00,80.00,83.00
MA,MA,F05,T03,3109.00,1114.00,17.00
MD,MI,F07,T00,38.00,64.00,18.00
TX,LA,F05,T00,112.00,92.00,23.00
CO,WI,F07,T00,20.00,22.00,11.00
KS,PA,F05,T03,356.00,220.00,140.00
FL,NY,F07,T03,214.00,590.00,399.00
IA,MD,F07,T06,50.00,442.00,246.00
MD,NJ,F06,T03,107.00,104.00,8.00
MD,MA,F05,T00,45.00,58.00,12.00
AL,AZ,F05,T00,10.00,6.00,5.00
NH,FL,F07,T03,23.00,26.00,20.00
NC,TN,F06,T03,18.00,28.00,5.00
AR,LA,F05,T00,78.00,96.00,15.00
ID,IL,F07,T03,63.00,116.00,91.00
MI,MI,F09,T00,356.00,106.00,2.00
IA,MS,F05,T00,37.00,34.00,11.00
WI,WI,F06,T03,1375.00,1438.00,83.00
SC,TX,F05,T00,33.00,34.00,17.00
MD,MA,F05,T03,43.00,58.00,12.00
TN,CA,F07,T03,776.00,480.00,494.00
ND,IL,F07,T03,29.00,104.00,36.00
MO,WI,F07,T03,303.00,436.00,129.00
NY,ME,F07,T00,79.00,204.00,57.00
IA,SD,F07,T03,7.00,66.00,8.00
WV,TX,F05,T00,42.00,48.00,31.00
CA,WA,F05,T03,207.00,242.00,109.00
NY,MN,F08,T03,154.00,488.00,275.00
KS,WI,F06,T00,17.00,48.00,15.00
ID,MI,F03,T00,61.00,156.00,140.00
TX,PA,F05,T00,53.00,54.00,42.00
AR,MN,F05,T03,364.00,420.00,146.00
KS,TX,F07,T06,74.00,770.00,285.00
NY,TN,F08,T00,25.00,66.00,27.00
ID,CA,F07,T03,427.00,1098.00,420.00
GA,PA,F06,T03,166.00,136.00,48.00
MN,OR,F05,T03,230.00,244.00,206.00
PA,CA,F05,T00,12.00,8.00,13.00
OH,IN,F08,T00,169.00,504.00,48.00
MO,TX,F06,T00,291.00,1002.00,286.00
AR,IN,F05,T03,332.00,180.00,54.00
ID,ID,F08,T00,192.00,346.00,6.00
MI,OK,F07,T03,32.00,92.00,46.00
KS,PA,F06,T00,26.00,50.00,26.00
IL,WI,F07,T03,1222.00,1740.00,142.00
MT,MT,F06,T03,210.00,258.00,15.00
DE,TX,F07,T00,29.00,96.00,73.00
IL,MO,F07,T03,565.00,1216.00,163.00
MD,VA,F07,T03,970.00,2008.00,96.00
TN,IN,F06,T03,94.00,112.00,27.00
IN,MI,F07,T00,770.00,1870.00,182.00
IL,OH,F07,T00,842.00,2822.00,511.00
IL,LA,F03,T07,2394.00,27528.00,16250.00
DE,GA,F07,T00,5.00,16.00,6.00
OH,OH,F08,T03,464.00,1408.00,76.00
ID,CA,F05,T00,266.00,268.00,93.00
MD,NJ,F07,T00,299.00,620.00,51.00
IN,OH,F04,T03,54.00,408.00,26.00
VA,KY,F07,T03,77.00,112.00,18.00
MI,MD,F07,T00,17.00,40.00,13.00
IA,SC,F05,T00,36.00,32.00,17.00
SC,PA,F06,T03,26.00,36.00,11.00
KY,NC,F08,T00,25.00,10.00,3.00
MO,UT,F07,T00,36.00,40.00,24.00
IA,IL,F08,T00,174.00,938.00,100.00
GA,SC,F07,T03,545.00,1380.00,150.00
FL,NY,F07,T06,74.00,324.00,264.00
WI,IL,F08,T03,494.00,1628.00,94.00
GA,MI,F05,T03,191.00,244.00,86.00
GA,SC,F07,T00,355.00,898.00,94.00
OR,OR,F04,T03,173.00,1816.00,33.00
OH,TX,F07,T03,588.00,926.00,497.00
MN,LA,F03,T00,650.00,7324.00,6030.00
VT,ME,F04,T03,18.00,90.00,12.00
LA,LA,F03,T00,6490.00,65852.00,1049.00
AR,LA,F07,T00,153.00,450.00,102.00
IN,GA,F07,T00,187.00,390.00,130.00
CA,IL,F08,T00,314.00,256.00,279.00
TN,NJ,F06,T03,20.00,20.00,9.00
IA,NE,F06,T03,2.00,52.00,7.00
KS,NY,F07,T03,14.00,8.00,6.00
ND,SD,F06,T03,45.00,76.00,9.00
LA,TX,F05,T03,63.00,94.00,22.00
SC,SC,F08,T00,1382.00,1962.00,26.00
CO,MN,F07,T00,17.00,18.00,8.00
CA,MO,F08,T00,85.00,76.00,79.00
IL,IL,F08,T03,8452.00,16686.00,384.00
OK,IL,F05,T00,19.00,14.00,5.00
IN,WI,F07,T00,100.00,216.00,33.00
MN,TX,F05,T00,371.00,458.00,272.00
MO,CA,F07,T00,316.00,546.00,493.00
NE,IA,F05,T03,2516.00,1660.00,127.00
VA,MA,F05,T03,323.00,398.00,98.00
LA,LA,F07,T03,3189.00,10614.00,223.00
GA,GA,F05,T00,4078.00,3068.00,133.00
CO,AL,F07,T03,23.00,12.00,8.00
GA,TX,F07,T00,305.00,358.00,154.00
NY,MI,F08,T03,233.00,536.00,153.00
MA,NJ,F05,T03,387.00,152.00,21.00
CO,CO,F04,T00,167.00,1264.00,45.00
TN,IN,F07,T00,84.00,170.00,40.00
NY,PA,F07,T00,875.00,1618.00,185.00
IL,NC,F07,T06,76.00,904.00,411.00
ND,NY,F07,T00,60.00,290.00,192.00
FL,TN,F07,T00,218.00,542.00,223.00
IA,GA,F07,T00,119.00,246.00,132.00
FL,MO,F07,T03,29.00,66.00,37.00
ND,ND,F03,T03,932.00,7756.00,396.00
NV,CA,F07,T00,248.00,434.00,73.00
NC,CA,F06,T00,12.00,20.00,28.00
NY,OH,F07,T03,787.00,1130.00,197.00
NY,FL,F05,T00,44.00,14.00,8.00
IL,WI,F05,T00,443.00,570.00,49.00
WI,MI,F05,T03,57.00,48.00,8.00
PA,NJ,F06,T00,745.00,844.00,46.00
CT,IN,F07,T03,6.00,6.00,2.00
TX,KS,F05,T03,104.00,110.00,33.00
LA,AL,F07,T00,43.00,148.00,27.00
TN,VA,F07,T00,154.00,340.00,76.00
IN,LA,F03,T00,201.00,2268.00,1203.00
GA,TN,F08,T00,142.00,462.00,55.00
KS,KS,F02,T03,6133.00,132638.00,4426.00
IN,MI,F03,T03,22.00,112.00,10.00
DE,AZ,F05,T00,3.00,14.00,18.00
KY,KY,F07,T03,1984.00,6724.00,150.00
WA,AZ,F07,T03,83.00,196.00,133.00
CA,OK,F08,T00,100.00,92.00,72.00
KS,KS,F08,T00,682.00,976.00,13.00
UT,CA,F06,T03,453.00,536.00,200.00
PA,CA,F06,T00,181.00,232.00,330.00
NC,VA,F07,T03,495.00,836.00,90.00
NC,GA,F07,T03,231.00,582.00,82.00
IA,MI,F06,T00,89.00,110.00,29.00
TX,PA,F04,T00,4.00,2.00,1.00
CA,AL,F07,T00,269.00,482.00,585.00
IL,OH,F06,T00,334.00,572.00,100.00
OH,MI,F06,T03,446.00,494.00,59.00
VT,NH,F07,T00,49.00,136.00,11.00
VA,MA,F05,T00,181.00,220.00,54.00
MI,FL,F07,T00,11.00,42.00,27.00
MO,MA,F07,T03,52.00,36.00,22.00
WA,IL,F07,T00,1.00,4.00,4.00
MO,LA,F05,T00,25.00,26.00,9.00
IA,NC,F05,T00,85.00,108.00,57.00
TN,IL,F06,T03,42.00,30.00,9.00
CT,NY,F07,T03,194.00,284.00,22.00
FL,NC,F04,T00,6.00,106.00,36.00
MN,MN,F07,T00,4918.00,11494.00,415.00
IA,MI,F07,T00,97.00,596.00,123.00
OK,TN,F07,T00,5.00,8.00,2.00
IL,MS,F07,T00,177.00,670.00,169.00
OH,NE,F06,T03,66.00,88.00,34.00
WI,MN,F05,T03,105.00,92.00,15.00
NY,PA,F08,T03,364.00,962.00,140.00
SD,IA,F03,T03,751.00,9624.00,556.00
OR,CA,F05,T03,899.00,602.00,257.00
AR,MN,F05,T00,182.00,210.00,73.00
WI,NC,F07,T00,279.00,164.00,78.00
SC,VA,F07,T00,25.00,60.00,9.00
IL,OH,F05,T00,202.00,192.00,42.00
OH,OH,F07,T00,7701.00,21420.00,761.00
IA,CA,F05,T03,906.00,590.00,527.00
CT,MA,F07,T00,472.00,808.00,21.00
ND,NE,F03,T00,22.00,116.00,30.00
ID,CO,F03,T03,41.00,154.00,50.00
LA,AR,F07,T00,35.00,140.00,24.00
MO,OH,F05,T03,68.00,84.00,24.00
IL,MN,F07,T03,296.00,382.00,77.00
CA,MT,F07,T03,15.00,16.00,9.00
IA,IL,F07,T00,1070.00,6948.00,1462.00
TX,AR,F06,T00,4.00,12.00,1.00
MN,IL,F05,T00,281.00,338.00,78.00
OK,SC,F05,T00,15.00,12.00,7.00
NC,NY,F08,T03,112.00,492.00,136.00
MO,NY,F06,T00,30.00,84.00,48.00
FL,FL,F05,T03,5451.00,3852.00,190.00
CA,MI,F07,T03,384.00,786.00,916.00
KS,GA,F06,T00,49.00,74.00,32.00
TN,LA,F07,T03,272.00,522.00,112.00
UT,UT,F07,T03,4378.00,6970.00,246.00
IN,PA,F06,T00,145.00,416.00,135.00
KY,TX,F07,T00,195.00,264.00,127.00
MA,GA,F07,T03,128.00,248.00,136.00
KS,OK,F05,T03,353.00,364.00,55.00
MD,TX,F07,T00,53.00,56.00,41.00
KS,CA,F04,T00,254.00,524.00,410.00
UT,UT,F08,T03,498.00,852.00,10.00
WV,WV,F04,T03,124.00,1688.00,22.00
ID,TX,F07,T03,119.00,288.00,217.00
AL,AL,F07,T03,7435.00,18602.00,405.00
MS,KY,F07,T03,53.00,304.00,82.00
IL,AL,F07,T00,248.00,1414.00,445.00
LA,AL,F07,T03,86.00,296.00,54.00
MS,TN,F06,T03,284.00,1004.00,80.00
VA,NJ,F06,T03,114.00,70.00,11.00
OR,OR,F05,T00,753.00,572.00,20.00
IL,IL,F04,T00,845.00,7048.00,247.00
WI,IA,F08,T00,33.00,108.00,17.00
TN,TX,F06,T00,137.00,166.00,48.00
MA,NY,F05,T03,1428.00,534.00,63.00
OH,PA,F07,T00,1121.00,3604.00,551.00
CA,UT,F05,T03,138.00,142.00,50.00
CO,KS,F07,T03,24.00,110.00,18.00
AL,OH,F05,T03,77.00,90.00,29.00
OK,TX,F05,T00,396.00,348.00,60.00
NY,MA,F07,T03,742.00,1636.00,227.00
IL,AR,F07,T03,215.00,278.00,67.00
MD,DE,F02,T00,15.00,350.00,11.00
DE,DE,F05,T03,216.00,436.00,5.00
MO,KS,F07,T00,598.00,3534.00,346.00
KS,GA,F06,T03,98.00,148.00,64.00
LA,MS,F05,T03,54.00,44.00,3.00
CA,MS,F03,T00,12.00,8.00,8.00
FL,FL,F05,T00,3114.00,2258.00,113.00
NC,WV,F05,T03,20.00,20.00,4.00
OH,PA,F07,T06,80.00,658.00,179.00
IL,TX,F06,T03,281.00,500.00,225.00
ND,ND,F07,T03,626.00,2094.00,54.00
AL,SC,F05,T03,94.00,164.00,40.00
MD,MA,F07,T00,165.00,228.00,47.00
PA,WV,F07,T00,222.00,300.00,19.00
MO,UT,F07,T03,72.00,80.00,48.00
NC,NY,F03,T03,18.00,28.00,8.00
MI,MI,F08,T00,3084.00,4824.00,60.00
IL,VA,F07,T00,314.00,1116.00,419.00
FL,IL,F07,T00,93.00,202.00,114.00
SD,IA,F01,T03,209.00,298.00,28.00
FL,MD,F07,T00,129.00,254.00,118.00
TX,OK,F05,T00,120.00,112.00,20.00
IA,NE,F05,T03,1222.00,858.00,56.00
MA,MA,F08,T00,3184.00,3376.00,42.00
OK,OK,F05,T00,935.00,834.00,30.00
OH,NC,F07,T00,294.00,918.00,322.00
MS,OK,F01,T03,108.00,128.00,46.00
IA,OH,F04,T00,52.00,104.00,22.00
TN,SC,F06,T00,87.00,72.00,11.00
TN,NE,F07,T00,30.00,62.00,25.00
PA,NY,F07,T00,808.00,1792.00,188.00
WI,KS,F07,T00,112.00,242.00,75.00
MA,PA,F05,T03,477.00,154.00,28.00
IL,IL,F07,T00,8474.00,24252.00,433.00
IN,GA,F04,T03,9.00,14.00,4.00
MD,NY,F07,T00,295.00,524.00,74.00
NC,OH,F05,T03,33.00,84.00,23.00
TX,IN,F07,T00,43.00,30.00,13.00
OH,MI,F06,T00,446.00,494.00,59.00
VT,VT,F07,T03,1242.00,2754.00,61.00
DE,NY,F07,T03,70.00,176.00,32.00
NC,NY,F08,T00,56.00,246.00,68.00
CA,OK,F07,T03,165.00,258.00,207.00
CA,NE,F07,T00,32.00,64.00,50.00
FL,MS,F07,T00,24.00,62.00,24.00
NC,FL,F05,T03,545.00,600.00,205.00
AL,MD,F05,T03,143.00,152.00,66.00
CA,UT,F07,T03,1038.00,1442.00,514.00
MD,TN,F07,T03,58.00,60.00,16.00
CO,CA,F05,T03,1274.00,782.00,432.00
IA,CA,F04,T00,22.00,204.00,214.00
NC,NC,F07,T00,2331.00,9604.00,305.00
TN,NJ,F06,T00,20.00,20.00,9.00
MO,TX,F07,T03,738.00,690.00,195.00
TN,VA,F05,T03,292.00,238.00,57.00
NY,CT,F08,T03,30.00,64.00,6.00
IL,FL,F06,T00,118.00,250.00,137.00
IL,TN,F07,T03,422.00,548.00,119.00
CA,NJ,F08,T00,265.00,292.00,438.00
CA,WA,F08,T00,225.00,482.00,245.00
NV,CA,F07,T03,495.00,868.00,146.00
IL,GA,F06,T00,224.00,576.00,193.00
PA,IN,F06,T03,366.00,384.00,109.00
CA,AZ,F05,T00,174.00,206.00,44.00
IN,MI,F06,T03,126.00,228.00,29.00
KY,AL,F08,T00,23.00,18.00,4.00
OH,TN,F06,T03,530.00,938.00,207.00
WV,MD,F05,T00,6.00,8.00,1.00
AL,MO,F05,T00,47.00,54.00,16.00
MO,LA,F05,T03,25.00,26.00,9.00
MI,MI,F06,T03,750.00,540.00,19.00
MS,UT,F05,T00,59.00,46.00,40.00
PA,TX,F06,T03,235.00,206.00,154.00
CA,IN,F07,T00,91.00,128.00,146.00
MT,CA,F06,T00,29.00,180.00,111.00
NC,FL,F07,T00,219.00,556.00,181.00
IN,OK,F07,T00,20.00,86.00,30.00
IA,MI,F06,T03,172.00,172.00,44.00
CA,CA,F06,T00,7958.00,14516.00,788.00
TN,NC,F07,T00,283.00,842.00,125.00
AK,CA,F05,T11,16.00,4.00,8.00
VA,NC,F07,T00,706.00,2182.00,224.00
KY,TN,F07,T03,320.00,1100.00,86.00
MD,CA,F07,T00,58.00,40.00,55.00
FL,MO,F07,T00,61.00,174.00,103.00
MN,TN,F05,T00,85.00,78.00,35.00
GA,KY,F07,T03,84.00,218.00,47.00
NJ,GA,F07,T00,308.00,254.00,111.00
TX,CA,F05,T03,1987.00,1526.00,1019.00
ID,NY,F03,T03,80.00,186.00,210.00
TN,FL,F07,T00,637.00,1116.00,440.00
WI,PA,F05,T03,151.00,104.00,44.00
TX,MS,F07,T00,40.00,72.00,17.00
CO,FL,F07,T00,11.00,10.00,9.00
IA,NE,F07,T03,163.00,698.00,83.00
SC,PA,F05,T00,113.00,114.00,33.00
IN,NC,F07,T03,83.00,204.00,64.00
NY,DE,F07,T03,49.00,54.00,8.00
GA,DE,F05,T03,110.00,116.00,38.00
TN,NJ,F07,T00,132.00,220.00,114.00
TN,WI,F07,T03,72.00,104.00,40.00
AR,MD,F05,T00,111.00,48.00,28.00
OK,IL,F07,T00,20.00,20.00,6.00
SC,NC,F07,T03,2890.00,3794.00,274.00
DE,CA,F07,T03,41.00,80.00,111.00
OK,OK,F06,T03,336.00,602.00,29.00
KY,PA,F07,T00,98.00,248.00,79.00
OH,GA,F06,T00,107.00,170.00,50.00
OH,OH,F05,T00,931.00,496.00,10.00
CA,TX,F07,T03,667.00,972.00,715.00
KS,CA,F05,T00,685.00,512.00,391.00
GA,TX,F08,T03,56.00,168.00,74.00
KY,MI,F08,T00,20.00,12.00,2.00
LA,TX,F07,T03,242.00,488.00,94.00
AL,MO,F07,T03,166.00,160.00,56.00
TX,FL,F07,T00,409.00,410.00,221.00
IA,MN,F04,T03,81.00,350.00,45.00
AR,MS,F07,T03,363.00,1392.00,208.00
NY,GA,F08,T03,16.00,36.00,17.00
TN,KY,F06,T03,365.00,338.00,32.00
NE,MN,F05,T03,426.00,224.00,46.00
IL,OH,F05,T03,367.00,348.00,77.00
WI,PA,F05,T00,97.00,66.00,28.00
AL,GA,F05,T03,789.00,848.00,95.00
IA,OK,F07,T06,22.00,254.00,79.00
PA,IL,F06,T03,688.00,734.00,253.00
TN,NY,F07,T03,128.00,144.00,74.00
NC,NJ,F08,T03,70.00,304.00,74.00
IN,LA,F04,T07,32.00,664.00,376.00
NJ,FL,F06,T03,131.00,136.00,80.00
SD,IA,F03,T00,460.00,5880.00,320.00
PA,IL,F06,T00,370.00,384.00,131.00
WI,OR,F07,T03,23.00,10.00,11.00
MO,FL,F05,T00,48.00,30.00,19.00
GA,NC,F08,T00,40.00,124.00,21.00
WA,KY,F03,T03,22.00,72.00,84.00
NC,MA,F05,T00,39.00,30.00,11.00
CA,OH,F08,T00,134.00,238.00,304.00
NC,NH,F05,T00,4.00,4.00,2.00
IN,MI,F03,T00,22.00,112.00,10.00
KS,WI,F06,T03,26.00,68.00,21.00
TX,IA,F05,T03,34.00,164.00,60.00
FL,MA,F07,T00,88.00,232.00,163.00
KS,MO,F05,T00,578.00,396.00,53.00
ND,MT,F04,T06,4.00,90.00,38.00
CO,UT,F08,T03,96.00,240.00,54.00
AL,TX,F05,T00,175.00,302.00,127.00
CA,AZ,F08,T00,142.00,264.00,75.00
IA,AR,F04,T06,66.00,806.00,310.00
VT,FL,F07,T03,73.00,60.00,44.00
NV,MO,F07,T00,91.00,120.00,97.00
IN,MI,F07,T03,745.00,1660.00,157.00
MO,SC,F07,T00,33.00,34.00,15.00
KY,WV,F07,T03,33.00,100.00,7.00
KY,PA,F06,T03,101.00,72.00,20.00
VA,FL,F06,T00,167.00,108.00,41.00
IL,WI,F07,T00,611.00,870.00,71.00
ID,MD,F03,T03,20.00,64.00,70.00
AR,UT,F05,T03,274.00,172.00,114.00
AL,LA,F07,T00,99.00,272.00,59.00
NM,WI,F07,T00,75.00,100.00,73.00
ND,TX,F07,T06,69.00,302.00,208.00
CT,VT,F07,T03,15.00,16.00,1.00
OH,PA,F08,T00,97.00,372.00,75.00
WI,CT,F07,T03,122.00,64.00,35.00
MS,MS,F08,T03,1233.00,1462.00,24.00
CO,WA,F05,T00,102.00,58.00,36.00
AK,AK,F07,T00,157.00,394.00,10.00
ID,CA,F03,T03,224.00,574.00,234.00
CA,IA,F08,T00,11.00,12.00,11.00
TN,GA,F05,T00,627.00,828.00,75.00
CA,NC,F03,T00,217.00,352.00,532.00
HI,HI,F05,T03,123.00,62.00,1.00
NC,AL,F07,T00,97.00,202.00,52.00
WI,NJ,F07,T03,313.00,242.00,122.00
CA,ID,F08,T03,75.00,142.00,54.00
LA,IL,F07,T00,69.00,194.00,94.00
IA,NE,F07,T00,163.00,698.00,83.00
IA,LA,F02,T07,1062.00,22112.00,14562.00
NM,TX,F06,T00,30.00,14.00,4.00
ME,NH,F06,T00,51.00,90.00,4.00
NE,CA,F05,T00,743.00,508.00,392.00
MO,LA,F02,T07,740.00,17244.00,8132.00
IA,NY,F04,T06,36.00,442.00,224.00
OK,WI,F06,T03,4.00,22.00,9.00
CO,CO,F08,T03,3757.00,6126.00,85.00
VT,TX,F07,T03,23.00,20.00,18.00
CA,CA,F07,T00,27142.00,59988.00,2651.00
TN,PA,F07,T03,408.00,504.00,146.00
GA,VA,F07,T00,172.00,384.00,109.00
MN,TN,F05,T03,170.00,156.00,70.00
CO,NE,F07,T00,63.00,32.00,7.00
NC,IL,F06,T03,24.00,50.00,21.00
MS,CA,F05,T00,362.00,422.00,409.00
WI,IL,F05,T03,298.00,176.00,17.00
OH,AR,F06,T03,106.00,120.00,44.00
GA,MI,F07,T03,33.00,114.00,43.00
IA,MI,F07,T03,131.00,532.00,113.00
MI,CA,F06,T00,123.00,118.00,132.00
IL,UT,F07,T03,76.00,66.00,45.00
NY,NH,F07,T03,19.00,34.00,7.00
GA,IN,F05,T03,10.00,8.00,2.00
NV,NJ,F07,T03,62.00,32.00,38.00
AL,AL,F08,T00,885.00,1554.00,17.00
GA,NJ,F07,T00,116.00,96.00,39.00
KS,IL,F05,T03,1110.00,680.00,270.00
SC,KS,F07,T00,42.00,14.00,8.00
IA,LA,F03,T00,846.00,9846.00,6302.00
DE,CT,F07,T00,21.00,58.00,9.00
AR,NE,F05,T03,232.00,134.00,31.00
ND,ND,F02,T00,888.00,12440.00,576.00
LA,FL,F06,T00,19.00,130.00,73.00
IA,ME,F06,T06,16.00,114.00,42.00
MA,PA,F05,T00,247.00,84.00,16.00
GA,AL,F05,T00,462.00,414.00,40.00
SC,PA,F05,T03,151.00,146.00,43.00
IL,TN,F07,T00,259.00,664.00,128.00
NJ,TX,F07,T00,180.00,186.00,154.00
WV,WV,F08,T03,76.00,32.00,2.00
GA,CA,F06,T03,214.00,256.00,292.00
NJ,NJ,F08,T03,271.00,420.00,10.00
WA,OR,F08,T03,66.00,168.00,16.00
CT,CT,F06,T00,262.00,174.00,2.00
TN,CA,F06,T03,201.00,302.00,289.00
NH,NY,F08,T03,62.00,176.00,28.00
NJ,FL,F07,T00,287.00,510.00,287.00
VT,IN,F07,T03,22.00,20.00,10.00
MS,LA,F07,T00,137.00,454.00,55.00
IL,OH,F06,T03,326.00,496.00,84.00
GA,CA,F05,T03,378.00,480.00,553.00
NC,FL,F07,T03,381.00,592.00,168.00
RI,IL,F05,T03,4.00,2.00,1.00
VA,NC,F07,T03,168.00,520.00,64.00
KS,KS,F08,T03,1364.00,1952.00,26.00
CA,MD,F07,T00,266.00,508.00,701.00
MO,MN,F06,T00,41.00,144.00,40.00
WA,UT,F07,T00,49.00,100.00,35.00
MD,IL,F07,T03,150.00,204.00,74.00
NM,CA,F06,T03,92.00,36.00,16.00
IL,MN,F07,T00,296.00,382.00,77.00
IA,OH,F06,T00,21.00,72.00,21.00
DE,MD,F05,T00,56.00,104.00,5.00
TN,FL,F07,T03,1157.00,1486.00,541.00
CA,KY,F06,T03,152.00,64.00,72.00
TX,TX,F07,T03,11829.00,31182.00,1497.00
TX,WI,F05,T00,85.00,84.00,47.00
AL,GA,F05,T00,457.00,478.00,52.00
NY,MS,F07,T00,17.00,52.00,26.00
DE,FL,F05,T03,16.00,32.00,16.00
WA,CA,F05,T03,958.00,480.00,212.00
VA,VA,F03,T03,2205.00,2104.00,56.00
NC,MA,F03,T03,24.00,48.00,14.00
WI,WI,F08,T00,1855.00,2896.00,66.00
AZ,UT,F07,T00,70.00,62.00,23.00
NC,SC,F07,T03,559.00,1418.00,105.00
WI,SD,F08,T00,24.00,86.00,23.00
MN,WI,F02,T03,2.00,28.00,2.00
OK,NM,F05,T00,7.00,4.00,1.00
CA,IA,F03,T00,41.00,78.00,70.00
ND,OK,F04,T00,8.00,110.00,63.00
CO,OR,F04,T00,94.00,210.00,122.00
GA,GA,F07,T00,2322.00,6970.00,236.00
AL,SC,F05,T00,47.00,82.00,20.00
CO,NM,F08,T03,102.00,268.00,74.00
MD,MD,F07,T03,4606.00,11152.00,164.00
CA,HI,F08,T00,64.00,112.00,146.00
ND,VA,F04,T03,4.00,24.00,18.00
TN,TX,F07,T06,36.00,252.00,76.00
TX,IN,F07,T03,86.00,56.00,24.00
OK,FL,F05,T03,55.00,48.00,34.00
MN,MN,F05,T03,1137.00,1486.00,57.00
GA,OH,F05,T00,291.00,176.00,45.00
MN,NE,F07,T06,74.00,450.00,121.00
ND,IL,F07,T00,201.00,908.00,358.00
AL,OH,F05,T00,77.00,90.00,29.00
AL,MO,F07,T00,85.00,86.00,30.00
GA,AL,F07,T00,410.00,1264.00,92.00
MS,OK,F01,T00,54.00,64.00,23.00
NJ,TX,F07,T03,348.00,348.00,288.00
IA,TN,F05,T03,172.00,216.00,68.00
CT,RI,F07,T03,34.00,88.00,3.00
GA,IL,F07,T00,70.00,120.00,41.00
WI,MA,F07,T03,303.00,238.00,139.00
MS,MS,F05,T03,1583.00,3004.00,114.00
AZ,PA,F07,T03,20.00,12.00,12.00
CA,NV,F07,T00,475.00,962.00,125.00
AL,TN,F07,T03,480.00,1406.00,122.00
WV,WV,F04,T00,62.00,844.00,11.00
WV,WV,F07,T00,598.00,2206.00,46.00
WA,WA,F07,T00,3899.00,7046.00,268.00
VT,VT,F08,T00,202.00,286.00,4.00
VT,MA,F07,T00,285.00,678.00,79.00
IA,CA,F07,T06,98.00,866.00,880.00
WV,NY,F05,T00,22.00,34.00,6.00
ID,CO,F03,T00,25.00,80.00,26.00
CA,WA,F07,T03,1763.00,1942.00,937.00
MI,KY,F07,T00,99.00,242.00,51.00
NY,CO,F07,T00,11.00,18.00,15.00
IN,AL,F04,T06,33.00,442.00,165.00
TN,FL,F06,T03,167.00,134.00,39.00
IN,LA,F02,T00,131.00,3164.00,1601.00
OH,WI,F07,T00,303.00,488.00,115.00
MO,NC,F07,T03,61.00,60.00,27.00
NY,NY,F06,T03,455.00,660.00,37.00
NY,IL,F03,T00,21.00,12.00,5.00
AZ,AZ,F08,T03,2638.00,2796.00,18.00
NY,FL,F07,T00,230.00,340.00,218.00
ID,CO,F07,T03,58.00,132.00,48.00
AR,PA,F05,T00,302.00,192.00,97.00
CA,FL,F03,T03,165.00,342.00,482.00
AL,MS,F07,T00,306.00,478.00,44.00
NY,VT,F07,T03,77.00,162.00,24.00
TN,FL,F07,T06,58.00,374.00,170.00
MO,MO,F07,T03,584.00,1436.00,84.00
CT,CA,F07,T00,75.00,42.00,59.00
OR,TX,F03,T00,45.00,92.00,94.00
IL,TX,F07,T03,1216.00,2042.00,987.00
CO,NE,F04,T00,7.00,122.00,22.00
WA,NC,F03,T03,34.00,80.00,112.00
AR,GA,F05,T00,136.00,196.00,66.00
FL,OK,F03,T03,10.00,4.00,2.00
KY,IL,F06,T00,150.00,124.00,20.00
NH,OH,F07,T03,15.00,16.00,6.00
IL,MO,F08,T00,40.00,166.00,17.00
MA,MA,F06,T00,472.00,746.00,15.00
IN,GA,F07,T03,328.00,370.00,112.00
AL,VA,F07,T00,106.00,422.00,145.00
KY,LA,F08,T00,39.00,24.00,9.00
IN,PA,F07,T03,10.00,12.00,3.00
NY,NH,F07,T00,19.00,34.00,7.00
PA,NJ,F06,T03,745.00,844.00,46.00
HI,FL,F07,T00,10.00,24.00,80.00
MO,MD,F07,T03,30.00,36.00,16.00
ID,KY,F03,T03,56.00,344.00,302.00
ND,MN,F07,T00,162.00,986.00,96.00
DE,MO,F05,T03,9.00,42.00,23.00
NC,SC,F05,T03,398.00,446.00,35.00
IL,NE,F07,T03,30.00,80.00,19.00
WY,WY,F07,T00,148.00,458.00,20.00
NC,NY,F07,T03,354.00,428.00,152.00
OH,MI,F08,T00,496.00,1428.00,195.00
NC,SC,F06,T03,5.00,40.00,4.00
IL,LA,F04,T03,278.00,160.00,62.00
CT,GA,F07,T00,33.00,20.00,10.00
PA,TX,F07,T03,318.00,272.00,202.00
GA,TN,F07,T00,495.00,1068.00,143.00
MS,TN,F07,T03,46.00,232.00,15.00
NC,PA,F08,T00,82.00,382.00,78.00
DE,NY,F07,T00,35.00,88.00,16.00
TN,TX,F07,T03,698.00,926.00,354.00
ND,MN,F05,T03,84.00,70.00,4.00
PA,NC,F07,T00,116.00,358.00,79.00
TN,CA,F07,T00,504.00,510.00,539.00
KS,MO,F06,T03,35.00,82.00,9.00
NJ,NY,F08,T03,825.00,1000.00,31.00
SC,CA,F05,T03,72.00,104.00,130.00
VT,GA,F07,T03,71.00,58.00,33.00
UT,MS,F07,T00,13.00,46.00,38.00
OH,AR,F06,T00,53.00,60.00,22.00
ND,OR,F04,T06,2.00,70.00,56.00
CO,CO,F05,T03,983.00,590.00,15.00
KS,SC,F07,T00,4.00,2.00,1.00
CT,IN,F07,T00,6.00,6.00,2.00
WA,IL,F03,T03,32.00,88.00,86.00
CA,IL,F07,T03,380.00,626.00,656.00
IL,WI,F05,T03,443.00,570.00,49.00
AZ,NV,F06,T03,56.00,52.00,8.00
NE,MA,F05,T00,197.00,116.00,88.00
GA,LA,F07,T03,181.00,490.00,130.00
NY,NY,F08,T03,7352.00,9554.00,112.00
VT,RI,F07,T03,6.00,6.00,1.00
WV,PA,F05,T00,111.00,90.00,10.00
KS,OH,F05,T00,128.00,140.00,70.00
MN,MN,F07,T03,9826.00,22956.00,824.00
GA,SC,F08,T00,62.00,160.00,24.00
ND,MO,F06,T03,9.00,30.00,14.00
NV,NV,F07,T03,2012.00,4336.00,44.00
MO,WI,F07,T00,158.00,224.00,66.00
OH,MI,F07,T00,748.00,1160.00,98.00
MI,MO,F07,T00,73.00,224.00,62.00
VA,PA,F07,T00,621.00,366.00,43.00
WA,CA,F07,T03,1567.00,2338.00,1149.00
ND,WA,F08,T00,16.00,84.00,65.00
DE,DE,F05,T00,108.00,218.00,2.00
NY,IL,F05,T00,44.00,22.00,8.00
WI,FL,F05,T00,124.00,112.00,76.00
ND,ND,F05,T00,135.00,66.00,3.00
NY,OH,F08,T03,138.00,354.00,77.00
IA,CA,F07,T03,213.00,290.00,260.00
DE,MA,F05,T03,13.00,26.00,6.00
AR,CO,F05,T00,102.00,80.00,34.00
VT,NY,F07,T00,108.00,214.00,27.00
KY,IN,F05,T03,66.00,62.00,5.00
OK,OK,F06,T00,199.00,466.00,24.00
SD,SD,F08,T03,315.00,516.00,11.00
TN,WI,F05,T03,40.00,36.00,11.00
LA,SC,F07,T00,25.00,58.00,23.00
AK,WA,F05,T00,570.00,424.00,152.00
MN,PA,F05,T00,44.00,48.00,25.00
IA,NJ,F07,T00,80.00,396.00,230.00
NV,TX,F07,T00,51.00,34.00,20.00
SD,SD,F07,T03,248.00,702.00,12.00
MO,GA,F07,T03,573.00,650.00,220.00
FL,NC,F07,T00,435.00,550.00,170.00
MA,CA,F05,T11,6.00,2.00,2.00
ID,MN,F03,T00,36.00,80.00,47.00
MO,TN,F07,T03,69.00,82.00,22.00
NC,CA,F06,T03,24.00,40.00,56.00
CA,OK,F03,T03,26.00,84.00,65.00
AK,WA,F05,T11,53.00,18.00,11.00
TN,NJ,F07,T03,210.00,208.00,88.00
KY,MI,F08,T03,40.00,20.00,4.00
SC,IA,F05,T03,70.00,64.00,30.00
OH,PA,F05,T00,43.00,30.00,3.00
NJ,OH,F07,T03,536.00,804.00,198.00
AR,PA,F07,T00,191.00,202.00,124.00
IA,UT,F05,T03,22.00,16.00,8.00
OH,CA,F07,T03,614.00,1224.00,1377.00
ND,CA,F03,T03,28.00,84.00,78.00
GA,TX,F07,T03,305.00,358.00,154.00
NJ,ME,F07,T00,52.00,126.00,25.00
MO,MD,F07,T00,16.00,18.00,8.00
VA,MD,F07,T03,760.00,1532.00,104.00
GA,AL,F08,T03,436.00,1200.00,122.00
DE,GA,F07,T03,10.00,32.00,12.00
NH,NC,F07,T03,12.00,20.00,8.00
NM,MO,F07,T00,33.00,32.00,12.00
TX,MI,F04,T00,27.00,26.00,14.00
ND,OR,F04,T00,2.00,72.00,58.00
MD,VA,F07,T00,485.00,1004.00,48.00
MO,CO,F07,T03,156.00,116.00,43.00
MN,GA,F05,T03,162.00,144.00,86.00
TX,NC,F05,T00,306.00,170.00,109.00
CA,TX,F06,T03,1248.00,1352.00,1042.00
NE,NE,F08,T00,393.00,520.00,11.00
NH,MA,F05,T03,224.00,94.00,3.00
IA,KS,F07,T00,123.00,524.00,119.00
MS,LA,F05,T00,188.00,286.00,35.00
NJ,NY,F08,T00,569.00,550.00,16.00
CA,OH,F07,T00,145.00,368.00,451.00
IN,TX,F04,T00,21.00,18.00,11.00
MD,DC,F07,T00,151.00,58.00,1.00
TN,PA,F06,T00,183.00,244.00,107.00
HI,HI,F08,T03,454.00,372.00,2.00
TN,GA,F07,T06,40.00,482.00,117.00
IA,SD,F05,T00,83.00,80.00,17.00
KS,NY,F05,T00,264.00,130.00,98.00
OH,TX,F07,T00,329.00,568.00,311.00
VT,RI,F07,T00,6.00,6.00,1.00
OH,MI,F08,T03,904.00,2570.00,349.00
PA,VA,F05,T00,178.00,122.00,16.00
OH,FL,F06,T06,19.00,30.00,14.00
ND,PA,F07,T00,51.00,262.00,181.00
MT,CA,F06,T03,58.00,360.00,222.00
DE,CT,F07,T03,42.00,116.00,18.00
MO,NM,F07,T03,49.00,48.00,19.00
MD,OH,F07,T00,103.00,230.00,53.00
MA,NH,F06,T03,73.00,132.00,6.00
NE,NE,F06,T03,17.00,22.00,1.00
ID,WI,F03,T03,53.00,182.00,142.00
OH,NY,F07,T00,275.00,698.00,176.00
IL,IN,F08,T00,184.00,924.00,74.00
TX,OH,F05,T03,810.00,550.00,322.00
MT,SD,F04,T00,2.00,40.00,6.00
MO,MO,F06,T00,1840.00,2848.00,106.00
DE,PA,F05,T03,325.00,630.00,62.00
WI,AL,F07,T03,15.00,8.00,4.00
IN,TN,F07,T00,99.00,344.00,91.00
ND,OH,F07,T06,51.00,370.00,189.00
WI,FL,F05,T03,124.00,112.00,76.00
SC,MO,F07,T03,52.00,4.00,2.00
WI,MI,F07,T00,887.00,2078.00,395.00
TN,MD,F07,T00,23.00,42.00,15.00
NJ,MD,F07,T03,917.00,1044.00,84.00
CA,OR,F03,T00,298.00,394.00,137.00
DE,MD,F03,T00,22.00,256.00,4.00
IA,MI,F04,T00,109.00,780.00,233.00
ND,CO,F03,T00,20.00,52.00,24.00
NY,MO,F07,T00,146.00,258.00,125.00
GA,TN,F05,T03,772.00,628.00,84.00
DE,NY,F05,T00,147.00,208.00,31.00
SC,FL,F05,T00,80.00,96.00,24.00
NY,IL,F03,T03,21.00,12.00,5.00
UT,NV,F06,T00,111.00,296.00,66.00
GA,LA,F07,T00,90.00,244.00,65.00
TX,LA,F08,T03,348.00,944.00,135.00
MA,RI,F06,T00,90.00,174.00,2.00
TX,PA,F05,T03,105.00,102.00,79.00
TN,NY,F06,T03,22.00,18.00,8.00
VA,NC,F06,T03,210.00,130.00,14.00
CA,WA,F07,T00,887.00,976.00,470.00
KY,MO,F05,T00,20.00,24.00,5.00
CT,NJ,F07,T00,95.00,128.00,8.00
IN,LA,F04,T00,16.00,332.00,188.00
WY,MN,F07,T00,5.00,16.00,7.00
DE,NH,F05,T03,16.00,28.00,6.00
IA,AZ,F05,T00,53.00,56.00,43.00
NY,TX,F07,T03,176.00,352.00,270.00
ME,ME,F08,T03,488.00,726.00,14.00
IA,IA,F07,T00,1733.00,9098.00,258.00
IL,TX,F07,T00,798.00,2008.00,1000.00
CA,OR,F08,T03,122.00,290.00,118.00
WA,CA,F08,T03,150.00,212.00,98.00
TX,NJ,F05,T03,142.00,72.00,60.00
IA,MI,F04,T06,47.00,596.00,195.00
MA,MD,F07,T03,65.00,124.00,24.00
IA,PA,F04,T03,90.00,292.00,128.00
MN,CO,F07,T03,14.00,12.00,6.00
UT,UT,F06,T03,515.00,1446.00,21.00
MO,NM,F07,T00,30.00,30.00,12.00
GA,GA,F05,T03,4073.00,3042.00,129.00
MN,NE,F05,T00,175.00,254.00,33.00
OH,LA,F03,T00,346.00,3754.00,2428.00
IN,MI,F04,T03,23.00,110.00,12.00
AL,MI,F05,T00,33.00,38.00,14.00
MN,WA,F02,T00,222.00,5898.00,5856.00
FL,NY,F05,T00,69.00,26.00,15.00
IA,OK,F05,T03,282.00,302.00,96.00
MD,NC,F07,T03,170.00,194.00,33.00
MN,ND,F05,T03,36.00,46.00,9.00
NH,NH,F07,T00,259.00,780.00,13.00
IL,FL,F07,T03,248.00,506.00,294.00
AL,NC,F07,T03,83.00,76.00,18.00
MD,NJ,F05,T03,64.00,68.00,7.00
CO,OR,F05,T00,49.00,28.00,18.00
ND,ND,F03,T00,492.00,4108.00,212.00
IL,PA,F07,T06,185.00,1546.00,630.00
OK,IL,F07,T03,40.00,38.00,11.00
ND,LA,F07,T06,30.00,150.00,133.00
AL,AL,F07,T00,3918.00,10188.00,259.00
WI,KY,F07,T00,338.00,414.00,113.00
MN,LA,F05,T00,44.00,48.00,30.00
CA,TX,F03,T03,505.00,616.00,452.00
OR,WA,F07,T03,1848.00,4640.00,356.00
NY,TN,F07,T00,62.00,112.00,45.00
CA,NY,F08,T00,272.00,382.00,562.00
IL,IL,F09,T00,471.00,16.00,1.00
TX,NM,F05,T00,29.00,40.00,14.00
MT,MT,F08,T00,227.00,352.00,5.00
FL,MD,F07,T03,231.00,464.00,218.00
WA,OR,F08,T00,38.00,86.00,8.00
UT,ID,F06,T00,89.00,290.00,28.00
ND,IL,F07,T06,159.00,744.00,301.00
MN,NE,F07,T03,65.00,312.00,46.00
WY,WY,F08,T03,69.00,32.00,4.00
WI,KS,F07,T03,216.00,474.00,147.00
GA,ME,F05,T03,14.00,18.00,10.00
SC,IN,F07,T03,49.00,22.00,7.00
TN,MD,F06,T03,48.00,36.00,12.00
TX,WI,F05,T03,170.00,168.00,94.00
KS,IN,F05,T00,100.00,62.00,27.00
SC,SC,F07,T03,7955.00,13220.00,394.00
OH,GA,F07,T00,116.00,304.00,107.00
TN,MI,F07,T03,90.00,116.00,36.00
ND,IA,F07,T00,41.00,238.00,75.00
MO,NY,F07,T00,95.00,104.00,53.00
CA,GA,F03,T03,132.00,174.00,202.00
IL,FL,F07,T00,148.00,440.00,268.00
MI,IL,F06,T03,435.00,450.00,47.00
IL,WI,F06,T00,130.00,390.00,47.00
IL,IL,F08,T00,4337.00,9018.00,236.00
ND,MN,F03,T00,131.00,1070.00,157.00
MO,MN,F06,T03,41.00,144.00,40.00
NC,KY,F07,T03,91.00,228.00,49.00
MN,WI,F05,T03,498.00,538.00,91.00
MN,WI,F02,T00,59.00,750.00,141.00
AZ,UT,F07,T03,127.00,118.00,44.00
NC,MD,F05,T00,123.00,122.00,22.00
NY,VA,F08,T00,62.00,134.00,27.00
KY,TX,F08,T03,193.00,80.00,40.00
ND,NY,F04,T03,8.00,40.00,28.00
MN,OH,F06,T06,17.00,310.00,124.00
KY,GA,F07,T03,154.00,488.00,94.00
MD,NJ,F07,T03,512.00,1080.00,88.00
AZ,CA,F07,T03,62.00,68.00,13.00
NY,MA,F06,T03,83.00,116.00,10.00
KY,NY,F07,T00,73.00,180.00,73.00
NH,VT,F07,T03,80.00,258.00,23.00
ID,MN,F03,T03,36.00,80.00,47.00
KY,LA,F06,T00,12.00,10.00,3.00
CA,CA,F07,T03,53657.00,118920.00,5230.00
NY,TX,F07,T00,90.00,180.00,139.00
VA,VA,F07,T00,2308.00,7752.00,207.00
ID,MO,F07,T00,193.00,218.00,154.00
GA,OH,F05,T03,547.00,322.00,83.00
CA,MO,F08,T03,76.00,44.00,42.00
IL,IL,F04,T06,76.00,1358.00,91.00
CA,TX,F07,T06,90.00,212.00,189.00
MN,NE,F07,T00,140.00,762.00,168.00
AK,CA,F08,T00,6.00,12.00,10.00
VT,PA,F07,T03,124.00,124.00,27.00
WI,WI,F06,T00,969.00,912.00,48.00
KY,IL,F06,T03,262.00,194.00,33.00
AR,CO,F05,T03,185.00,148.00,63.00
PA,IN,F06,T00,207.00,238.00,68.00
TX,MO,F08,T03,65.00,198.00,55.00
MA,MA,F08,T03,6306.00,6720.00,83.00
IA,NE,F06,T00,2.00,52.00,7.00
IN,MI,F04,T00,23.00,110.00,12.00
OH,PA,F01,T03,196.00,456.00,84.00
KS,OK,F07,T00,276.00,2132.00,217.00
CA,TN,F03,T00,48.00,72.00,94.00
MO,GA,F07,T00,304.00,360.00,125.00
AZ,CA,F04,T03,386.00,744.00,218.00
GA,SC,F05,T03,788.00,514.00,64.00
AL,FL,F05,T03,246.00,402.00,89.00
MS,LA,F05,T03,276.00,470.00,57.00
NC,MD,F05,T03,246.00,244.00,44.00
IA,WI,F08,T00,52.00,288.00,33.00
DE,CA,F05,T00,19.00,52.00,70.00
MN,SD,F07,T03,6.00,20.00,2.00
CA,MS,F03,T03,24.00,16.00,16.00
WI,WI,F08,T03,3539.00,5436.00,121.00
KY,LA,F06,T03,24.00,20.00,6.00
NJ,MD,F08,T00,45.00,128.00,13.00
IA,IN,F04,T00,152.00,418.00,84.00
MN,WI,F04,T00,71.00,978.00,89.00
VA,GA,F03,T03,328.00,730.00,220.00
WI,NJ,F07,T00,313.00,242.00,122.00
CA,MD,F07,T03,266.00,508.00,701.00
GA,IA,F05,T03,241.00,138.00,61.00
VA,NC,F08,T03,497.00,1180.00,152.00
MO,KS,F06,T03,42.00,180.00,8.00
TX,GA,F05,T00,215.00,180.00,88.00
ND,NY,F06,T00,15.00,46.00,37.00
NC,NC,F08,T00,2370.00,4154.00,68.00
TX,CO,F07,T03,353.00,608.00,242.00
NM,TX,F06,T03,60.00,28.00,8.00
LA,FL,F07,T03,46.00,98.00,39.00
KS,NC,F05,T00,380.00,114.00,74.00
NC,NJ,F08,T00,46.00,200.00,48.00
TN,IN,F07,T03,158.00,312.00,70.00
IA,AR,F04,T00,67.00,822.00,314.00
NH,FL,F05,T03,120.00,16.00,12.00
KY,NY,F05,T03,38.00,22.00,8.00
CA,TN,F07,T00,51.00,188.00,218.00
VA,DE,F05,T00,229.00,208.00,19.00
